Date,Equity,Fixed Income,Commodity
2019-12-31,3230.78,22.72,142.9
2020-01-02,3257.85,22.76,143.95
2020-01-03,3234.85,22.88,145.86
2020-01-06,3246.28,22.85,147.39
2020-01-07,3237.18,22.8,147.97
2020-01-08,3253.05,22.77,146.86
2020-01-09,3274.7,22.79,146.03
2020-01-10,3265.35,22.84,146.91
2020-01-13,3288.13,22.81,145.82
2020-01-14,3283.15,22.86,145.69
2020-01-15,3289.29,22.89,146.54
2020-01-16,3316.81,22.86,146.31
2020-01-17,3329.62,22.83,146.58
2020-01-21,3320.79,22.91,146.74
2020-01-22,3321.75,22.93,146.79
2020-01-23,3325.54,22.98,147.12
2020-01-24,3295.47,23.04,147.98
2020-01-27,3243.63,23.16,148.99
2020-01-28,3276.24,23.1,147.66
2020-01-29,3273.4,23.19,148.46
2020-01-30,3283.66,23.19,148.47
2020-01-31,3225.52,23.29,149.33
2020-02-03,3248.92,23.27,148.36
2020-02-04,3297.59,23.16,146.43
2020-02-05,3334.69,23.09,146.61
2020-02-06,3345.78,23.11,147.4
2020-02-07,3327.71,23.18,147.79
2020-02-10,3352.09,23.23,148.17
2020-02-11,3357.75,23.19,147.66
2020-02-12,3379.45,23.14,147.54
2020-02-13,3373.94,23.16,148.38
2020-02-14,3380.16,23.18,149.0
2020-02-18,3370.29,23.23,150.91
2020-02-19,3386.15,23.23,151.79
2020-02-20,3373.23,23.31,152.41
2020-02-21,3337.75,23.38,154.7
2020-02-24,3225.89,23.52,156.09
2020-02-25,3128.21,23.59,153.3
2020-02-26,3116.39,23.56,153.97
2020-02-27,2978.76,23.66,154.0
2020-02-28,2954.22,23.86,148.38
2020-03-02,3090.23,23.83,149.2
2020-03-03,3003.37,24.04,153.89
2020-03-04,3130.12,23.99,154.16
2020-03-05,3023.94,24.16,157.49
2020-03-06,2972.37,24.56,157.55
2020-03-09,2746.56,24.83,157.81
2020-03-10,2882.23,24.38,154.48
2020-03-11,2741.38,24.26,153.93
2020-03-12,2480.64,24.23,147.79
2020-03-13,2711.02,24.09,143.28
2020-03-16,2386.13,24.48,141.64
2020-03-17,2529.19,23.93,143.56
2020-03-18,2398.1,23.7,140.7
2020-03-19,2409.39,23.73,138.04
2020-03-20,2304.92,24.27,140.11
2020-03-23,2237.4,24.56,146.3
2020-03-24,2447.33,24.43,153.4
2020-03-25,2475.56,24.43,151.3
2020-03-26,2630.07,24.49,153.24
2020-03-27,2541.47,24.72,152.25
2020-03-30,2626.65,24.6,152.92
2020-03-31,2584.59,24.6,148.05
2020-04-01,2470.5,24.71,149.45
2020-04-02,2526.9,24.71,151.9
2020-04-03,2488.65,24.75,152.65
2020-04-06,2663.68,24.69,156.88
2020-04-07,2659.41,24.61,156.04
2020-04-08,2749.98,24.57,154.65
2020-04-09,2789.82,24.57,158.69
2020-04-13,2761.63,24.53,161.41
2020-04-14,2846.06,24.54,162.68
2020-04-15,2783.36,24.72,161.85
2020-04-16,2799.55,24.81,161.71
2020-04-17,2874.56,24.7,158.57
2020-04-20,2823.16,24.77,159.7
2020-04-21,2736.56,24.84,158.61
2020-04-22,2799.31,24.77,161.73
2020-04-23,2797.8,24.8,163.34
2020-04-24,2836.74,24.78,162.64
2020-04-27,2878.48,24.67,161.56
2020-04-28,2863.39,24.76,160.84
2020-04-29,2939.51,24.74,161.73
2020-04-30,2912.43,24.68,158.8
2020-05-01,2830.71,24.72,159.78
2020-05-04,2842.74,24.7,160.34
2020-05-05,2868.44,24.68,161.02
2020-05-06,2848.42,24.58,158.95
2020-05-07,2881.19,24.7,161.39
2020-05-08,2929.8,24.62,160.42
2020-05-11,2930.19,24.56,159.42
2020-05-12,2870.12,24.63,160.04
2020-05-13,2820.0,24.68,161.58
2020-05-14,2852.5,24.73,163.01
2020-05-15,2863.7,24.72,163.93
2020-05-18,2953.91,24.57,162.69
2020-05-19,2922.94,24.62,164.26
2020-05-20,2971.61,24.63,164.65
2020-05-21,2948.51,24.65,162.25
2020-05-22,2955.45,24.69,163.21
2020-05-26,2991.77,24.62,160.89
2020-05-27,3036.13,24.61,161.18
2020-05-28,3029.73,24.59,161.72
2020-05-29,3044.31,24.65,162.91
2020-06-01,3055.73,24.61,163.66
2020-06-02,3080.82,24.57,162.6
2020-06-03,3122.87,24.47,159.6
2020-06-04,3112.35,24.38,161.28
2020-06-05,3193.93,24.3,158.01
2020-06-08,3232.39,24.32,159.72
2020-06-09,3207.18,24.42,161.26
2020-06-10,3190.14,24.52,163.57
2020-06-11,3002.1,24.64,162.39
2020-06-12,3041.31,24.58,162.62
2020-06-15,3066.59,24.58,162.33
2020-06-16,3124.74,24.51,162.25
2020-06-17,3113.49,24.52,162.56
2020-06-18,3115.34,24.59,162.24
2020-06-19,3097.74,24.59,164.03
2020-06-22,3117.86,24.59,165.09
2020-06-23,3131.29,24.56,166.48
2020-06-24,3050.33,24.62,165.9
2020-06-25,3083.76,24.64,165.8
2020-06-26,3009.05,24.7,166.54
2020-06-29,3053.24,24.71,166.63
2020-06-30,3100.29,24.67,167.37
2020-07-01,3115.86,24.65,166.62
2020-07-02,3130.01,24.75,166.98
2020-07-06,3179.72,24.64,167.98
2020-07-07,3145.32,24.72,169.04
2020-07-08,3169.94,24.7,170.09
2020-07-09,3152.05,24.79,169.63
2020-07-10,3185.04,24.75,169.19
2020-07-13,3155.22,24.78,169.4
2020-07-14,3197.52,24.78,170.19
2020-07-15,3226.56,24.76,170.34
2020-07-16,3215.57,24.79,168.73
2020-07-17,3224.73,24.78,170.12
2020-07-20,3251.84,24.8,170.94
2020-07-21,3257.3,24.81,173.0
2020-07-22,3276.02,24.82,175.63
2020-07-23,3235.66,24.88,177.18
2020-07-24,3215.63,24.88,178.7
2020-07-27,3239.41,24.84,182.23
2020-07-28,3218.44,24.9,183.75
2020-07-29,3258.44,24.91,185.13
2020-07-30,3246.22,24.96,183.76
2020-07-31,3271.12,24.96,185.43
2020-08-03,3294.61,24.93,185.64
2020-08-04,3306.51,25.0,189.59
2020-08-05,3327.77,24.93,191.35
2020-08-06,3349.16,24.96,193.89
2020-08-07,3351.28,24.92,190.81
2020-08-10,3360.47,24.89,190.15
2020-08-11,3333.69,24.79,179.94
2020-08-12,3380.35,24.74,179.1
2020-08-13,3373.43,24.67,183.33
2020-08-14,3372.85,24.66,182.54
2020-08-17,3381.99,24.67,186.5
2020-08-18,3389.78,24.71,188.18
2020-08-19,3374.85,24.69,182.24
2020-08-20,3385.51,24.74,183.5
2020-08-21,3397.16,24.77,182.03
2020-08-24,3431.28,24.76,181.0
2020-08-25,3443.62,24.71,181.22
2020-08-26,3478.73,24.69,183.36
2020-08-27,3484.55,24.59,181.24
2020-08-28,3508.01,24.61,184.39
2020-08-31,3500.31,24.64,184.83
2020-09-01,3526.65,24.72,185.05
2020-09-02,3580.84,24.77,182.62
2020-09-03,3455.06,24.79,181.14
2020-09-04,3426.96,24.66,181.64
2020-09-08,3331.84,24.7,181.29
2020-09-09,3398.96,24.68,183.05
2020-09-10,3339.19,24.72,182.46
2020-09-11,3340.97,24.74,182.45
2020-09-14,3383.54,24.73,183.89
2020-09-15,3401.2,24.73,183.45
2020-09-16,3385.49,24.7,183.97
2020-09-17,3357.01,24.71,182.96
2020-09-18,3319.47,24.69,183.2
2020-09-21,3281.06,24.73,179.52
2020-09-22,3315.57,24.73,178.65
2020-09-23,3236.92,24.74,174.79
2020-09-24,3246.59,24.75,175.44
2020-09-25,3298.46,24.76,174.94
2020-09-28,3351.6,24.75,176.7
2020-09-29,3335.47,24.75,178.19
2020-09-30,3363.0,24.71,177.12
2020-10-01,3380.8,24.71,178.7
2020-10-02,3348.42,24.69,178.54
2020-10-05,3408.6,24.55,179.41
2020-10-06,3360.97,24.6,177.3
2020-10-07,3419.44,24.54,177.22
2020-10-08,3446.83,24.58,177.85
2020-10-09,3477.14,24.56,181.08
2020-10-12,3534.22,24.58,180.56
2020-10-13,3511.93,24.63,177.72
2020-10-14,3488.67,24.65,178.27
2020-10-15,3483.34,24.64,178.92
2020-10-16,3483.81,24.62,178.3
2020-10-19,3426.92,24.59,178.39
2020-10-20,3443.12,24.54,179.25
2020-10-21,3435.56,24.5,180.6
2020-10-22,3453.49,24.42,178.83
2020-10-23,3465.39,24.47,178.64
2020-10-26,3400.97,24.53,178.55
2020-10-27,3390.68,24.58,179.02
2020-10-28,3271.03,24.58,176.13
2020-10-29,3310.11,24.51,175.4
2020-10-30,3269.96,24.44,176.2
2020-11-02,3310.24,24.48,177.91
2020-11-03,3369.16,24.44,178.92
2020-11-04,3443.44,24.59,178.82
2020-11-05,3510.45,24.62,182.93
2020-11-06,3509.44,24.54,183.19
2020-11-09,3550.5,24.38,175.08
2020-11-10,3545.53,24.33,175.66
2020-11-11,3572.66,24.34,174.9
2020-11-12,3537.01,24.48,175.96
2020-11-13,3585.15,24.47,177.16
2020-11-16,3626.91,24.45,177.15
2020-11-17,3609.53,24.49,176.5
2020-11-18,3567.79,24.49,175.49
2020-11-19,3581.87,24.53,175.16
2020-11-20,3557.54,24.59,175.69
2020-11-23,3577.59,24.56,172.23
2020-11-24,3635.41,24.5,169.59
2020-11-25,3629.65,24.49,169.51
2020-11-27,3638.35,24.55,167.79
2020-11-30,3621.63,24.56,166.67
2020-12-01,3662.45,24.43,170.18
2020-12-02,3669.01,24.39,171.46
2020-12-03,3666.72,24.46,172.81
2020-12-04,3699.12,24.36,172.32
2020-12-07,3691.96,24.43,174.89
2020-12-08,3702.25,24.46,175.5
2020-12-09,3672.82,24.43,172.5
2020-12-10,3668.1,24.48,172.17
2020-12-11,3663.46,24.53,172.49
2020-12-14,3647.49,24.5,171.54
2020-12-15,3694.62,24.49,173.94
2020-12-16,3701.17,24.47,174.9
2020-12-17,3722.48,24.44,176.74
2020-12-18,3709.41,24.43,176.44
2020-12-21,3694.92,24.46,175.88
2020-12-22,3687.26,24.49,174.49
2020-12-23,3690.01,24.45,175.65
2020-12-24,3703.06,24.46,176.35
2020-12-28,3735.36,24.47,175.71
2020-12-29,3727.04,24.47,176.35
2020-12-30,3732.04,24.48,177.7
2020-12-31,3756.07,24.37,178.36
2021-01-04,3700.65,24.5,182.33
2021-01-05,3726.86,24.44,182.87
2021-01-06,3748.14,24.3,179.9
2021-01-07,3803.79,24.24,179.48
2021-01-08,3824.68,24.2,173.34
2021-01-11,3799.61,24.18,173.0
2021-01-12,3801.19,24.18,174.12
2021-01-13,3809.84,24.25,173.37
2021-01-14,3795.54,24.21,173.28
2021-01-15,3768.25,24.24,171.13
2021-01-19,3798.91,24.25,172.58
2021-01-20,3851.85,24.26,175.39
2021-01-21,3853.07,24.23,175.28
2021-01-22,3841.47,24.25,173.9
2021-01-25,3855.36,24.33,174.05
2021-01-26,3849.62,24.32,173.62
2021-01-27,3750.77,24.34,172.52
2021-01-28,3787.38,24.3,172.68
2021-01-29,3714.24,24.26,172.61
2021-02-01,3773.86,24.28,174.23
2021-02-02,3826.31,24.23,172.11
2021-02-03,3830.17,24.17,171.85
2021-02-04,3871.74,24.15,168.15
2021-02-05,3886.83,24.11,169.81
2021-02-08,3915.59,24.12,171.52
2021-02-09,3911.23,24.14,172.08
2021-02-10,3909.88,24.18,172.71
2021-02-11,3916.38,24.16,171.21
2021-02-12,3934.83,24.07,170.69
2021-02-16,3932.59,23.96,168.24
2021-02-17,3931.33,24.0,166.33
2021-02-18,3913.97,23.98,166.32
2021-02-19,3906.71,23.89,167.01
2021-02-22,3876.5,23.84,169.51
2021-02-23,3881.37,23.83,169.12
2021-02-24,3925.43,23.79,169.0
2021-02-25,3829.34,23.57,165.82
2021-02-26,3811.15,23.82,161.81
2021-03-01,3901.82,23.74,161.53
2021-03-02,3870.29,23.76,162.41
2021-03-03,3819.72,23.69,160.62
2021-03-04,3768.47,23.62,159.04
2021-03-05,3841.94,23.62,159.14
2021-03-08,3821.35,23.55,157.49
2021-03-09,3875.44,23.63,160.84
2021-03-10,3898.81,23.65,161.66
2021-03-11,3939.34,23.64,161.52
2021-03-12,3943.34,23.48,161.49
2021-03-15,3968.94,23.53,162.2
2021-03-16,3962.71,23.51,162.35
2021-03-17,3974.12,23.48,163.51
2021-03-18,3915.46,23.4,162.56
2021-03-19,3913.1,23.43,163.24
2021-03-22,3940.59,23.49,163.0
2021-03-23,3910.52,23.54,161.81
2021-03-24,3889.14,23.58,162.37
2021-03-25,3909.52,23.56,161.78
2021-03-26,3974.54,23.52,162.24
2021-03-29,3971.09,23.47,160.31
2021-03-30,3958.55,23.48,157.57
2021-03-31,3972.89,23.47,159.96
2021-04-01,4019.87,23.54,161.98
2021-04-05,4077.91,23.48,161.92
2021-04-06,4073.94,23.56,163.22
2021-04-07,4079.95,23.54,162.76
2021-04-08,4097.17,23.59,164.51
2021-04-09,4128.8,23.56,163.27
2021-04-12,4127.99,23.55,162.28
2021-04-13,4141.59,23.61,163.43
2021-04-14,4124.66,23.58,162.72
2021-04-15,4170.42,23.7,165.35
2021-04-16,4185.47,23.64,166.35
2021-04-19,4163.26,23.64,165.89
2021-04-20,4134.94,23.68,166.48
2021-04-21,4173.42,23.67,168.13
2021-04-22,4134.98,23.7,167.04
2021-04-23,4180.17,23.69,166.4
2021-04-26,4187.62,23.68,166.84
2021-04-27,4186.72,23.61,166.42
2021-04-28,4183.18,23.64,166.91
2021-04-29,4211.47,23.61,166.22
2021-04-30,4181.17,23.64,165.66
2021-05-03,4192.66,23.64,167.81
2021-05-04,4164.66,23.68,166.58
2021-05-05,4167.59,23.7,167.27
2021-05-06,4201.62,23.71,170.06
2021-05-07,4232.6,23.7,171.59
2021-05-10,4188.43,23.64,172.11
2021-05-11,4152.1,23.62,172.14
2021-05-12,4063.04,23.53,170.43
2021-05-13,4112.5,23.55,171.13
2021-05-14,4173.85,23.61,172.69
2021-05-17,4163.29,23.59,174.7
2021-05-18,4127.83,23.57,175.04
2021-05-19,4115.68,23.55,175.16
2021-05-20,4159.12,23.61,175.96
2021-05-21,4155.86,23.63,176.04
2021-05-24,4197.05,23.64,176.35
2021-05-25,4188.13,23.71,177.95
2021-05-26,4195.99,23.69,177.64
2021-05-27,4200.88,23.68,177.71
2021-05-28,4204.11,23.68,178.38
2021-06-01,4202.04,23.66,177.9
2021-06-02,4208.12,23.68,178.77
2021-06-03,4192.85,23.64,175.27
2021-06-04,4229.89,23.74,177.16
2021-06-07,4226.52,23.71,177.87
2021-06-08,4227.26,23.77,177.32
2021-06-09,4219.55,23.82,176.98
2021-06-10,4239.18,23.87,177.74
2021-06-11,4247.44,23.85,175.74
2021-06-14,4255.15,23.8,174.71
2021-06-15,4246.59,23.78,174.05
2021-06-16,4223.7,23.72,171.11
2021-06-17,4221.86,23.8,165.85
2021-06-18,4166.45,23.9,164.93
2021-06-21,4224.79,23.82,166.95
2021-06-22,4246.44,23.84,166.25
2021-06-23,4241.84,23.81,166.14
2021-06-24,4266.49,23.82,166.04
2021-06-25,4280.7,23.75,166.59
2021-06-28,4290.61,23.82,166.58
2021-06-29,4291.8,23.83,164.83
2021-06-30,4297.5,23.89,165.63
2021-07-01,4319.94,23.84,166.2
2021-07-02,4352.34,23.85,167.29
2021-07-06,4343.54,24.01,168.12
2021-07-07,4358.13,24.06,168.76
2021-07-08,4320.82,24.11,168.65
2021-07-09,4369.55,24.01,169.21
2021-07-12,4384.63,24.0,169.0
2021-07-13,4369.21,23.93,169.22
2021-07-14,4374.3,24.01,171.04
2021-07-15,4360.03,24.09,171.07
2021-07-16,4327.16,24.07,169.41
2021-07-19,4258.49,24.22,169.61
2021-07-20,4323.06,24.2,169.39
2021-07-21,4358.69,24.1,168.76
2021-07-22,4367.48,24.16,169.09
2021-07-23,4411.79,24.12,168.56
2021-07-26,4422.3,24.09,168.16
2021-07-27,4401.46,24.14,168.44
2021-07-28,4400.64,24.17,169.29
2021-07-29,4419.15,24.14,171.17
2021-07-30,4395.26,24.17,169.82
2021-08-02,4387.16,24.25,169.61
2021-08-03,4423.15,24.26,169.49
2021-08-04,4402.66,24.26,169.53
2021-08-05,4429.1,24.21,168.86
2021-08-06,4436.52,24.08,164.64
2021-08-09,4432.35,24.05,161.72
2021-08-10,4436.75,24.01,161.77
2021-08-11,4442.41,24.03,164.0
2021-08-12,4460.83,24.0,164.04
2021-08-13,4468.0,24.11,166.39
2021-08-16,4479.71,24.14,167.22
2021-08-17,4448.08,24.14,166.97
2021-08-18,4400.27,24.14,167.1
2021-08-19,4405.8,24.19,166.61
2021-08-20,4441.67,24.18,166.7
2021-08-23,4479.53,24.18,168.73
2021-08-24,4486.23,24.13,168.65
2021-08-25,4496.19,24.06,167.48
2021-08-26,4470.0,23.84,167.67
2021-08-27,4509.37,24.14,170.19
2021-08-30,4528.79,24.16,169.35
2021-08-31,4522.68,24.14,169.69
2021-09-01,4524.09,24.14,169.7
2021-09-02,4536.95,24.16,169.25
2021-09-03,4535.43,24.12,171.06
2021-09-07,4520.03,24.05,167.71
2021-09-08,4514.07,24.1,167.29
2021-09-09,4493.28,24.17,168.03
2021-09-10,4458.58,24.1,167.18
2021-09-13,4468.73,24.15,167.74
2021-09-14,4443.05,24.22,168.82
2021-09-15,4480.7,24.19,167.83
2021-09-16,4473.75,24.14,164.03
2021-09-17,4432.99,24.09,163.77
2021-09-20,4357.73,24.19,164.94
2021-09-21,4354.19,24.17,166.04
2021-09-22,4395.64,24.2,165.42
2021-09-23,4448.98,24.04,163.51
2021-09-24,4455.48,23.97,163.3
2021-09-27,4443.11,23.93,163.64
2021-09-28,4352.63,23.84,162.05
2021-09-29,4359.46,23.86,161.32
2021-09-30,4307.54,23.89,164.22
2021-10-01,4357.04,23.95,164.59
2021-10-04,4300.46,23.93,165.36
2021-10-05,4345.72,23.86,164.59
2021-10-06,4363.55,23.88,165.03
2021-10-07,4399.76,23.81,164.16
2021-10-08,4391.34,23.76,164.23
2021-10-11,4361.19,23.69,163.92
2021-10-12,4350.65,23.81,164.66
2021-10-13,4363.8,23.87,167.59
2021-10-14,4438.26,23.89,168.0
2021-10-15,4471.37,23.82,165.33
2021-10-18,4486.46,23.82,164.92
2021-10-19,4519.63,23.75,165.45
2021-10-20,4536.19,23.72,166.9
2021-10-21,4549.78,23.68,166.75
2021-10-22,4544.9,23.73,167.77
2021-10-25,4566.48,23.74,168.93
2021-10-26,4574.79,23.78,167.68
2021-10-27,4551.68,23.9,168.12
2021-10-28,4596.42,23.83,168.08
2021-10-29,4605.38,23.87,166.65
2021-11-01,4613.67,23.82,167.52
2021-11-02,4630.65,23.88,167.16
2021-11-03,4660.57,23.82,165.77
2021-11-04,4680.06,23.91,167.65
2021-11-05,4697.53,24.0,169.84
2021-11-08,4701.7,23.95,170.45
2021-11-09,4685.25,24.05,171.29
2021-11-10,4646.71,23.88,173.15
2021-11-11,4649.27,23.83,174.12
2021-11-12,4682.85,23.83,174.45
2021-11-15,4682.8,23.75,174.18
2021-11-16,4700.9,23.73,172.92
2021-11-17,4688.67,23.8,174.5
2021-11-18,4704.54,23.83,173.94
2021-11-19,4697.96,23.88,172.61
2021-11-22,4682.94,23.75,168.74
2021-11-23,4690.7,23.66,167.28
2021-11-24,4701.46,23.73,167.12
2021-11-26,4594.62,23.97,166.85
2021-11-29,4655.27,23.94,166.62
2021-11-30,4567.0,24.01,165.5
2021-12-01,4513.04,24.07,166.16
2021-12-02,4577.1,24.03,165.24
2021-12-03,4538.43,24.13,166.63
2021-12-06,4591.67,24.02,166.22
2021-12-07,4686.75,23.95,166.81
2021-12-08,4701.21,23.86,166.9
2021-12-09,4667.45,23.9,165.88
2021-12-10,4712.02,23.9,166.58
2021-12-13,4668.97,23.99,167.0
2021-12-14,4634.09,23.97,165.44
2021-12-15,4709.85,23.93,166.15
2021-12-16,4668.67,23.97,168.16
2021-12-17,4620.64,24.02,167.8
2021-12-20,4568.02,24.0,167.09
2021-12-21,4649.23,23.92,167.02
2021-12-22,4696.56,23.95,168.59
2021-12-23,4725.79,24.06,168.97
2021-12-27,4791.19,23.9,169.37
2021-12-28,4786.35,23.88,168.64
2021-12-29,4793.06,23.81,168.59
2021-12-30,4778.73,23.87,169.8
2021-12-31,4766.18,24.1,170.96
2022-01-03,4796.56,23.69,168.33
2022-01-04,4793.54,23.68,169.57
2022-01-05,4700.58,23.6,169.06
2022-01-06,4696.05,23.59,166.99
2022-01-07,4677.03,23.53,167.75
2022-01-10,4670.29,23.53,168.26
2022-01-11,4713.07,23.58,170.29
2022-01-12,4726.35,23.55,170.74
2022-01-13,4659.03,23.61,170.16
2022-01-14,4662.85,23.49,169.67
2022-01-18,4577.11,23.33,169.39
2022-01-19,4532.76,23.41,172.08
2022-01-20,4482.73,23.44,171.65
2022-01-21,4397.94,23.54,171.09
2022-01-24,4410.13,23.52,172.03
2022-01-25,4356.45,23.48,172.58
2022-01-26,4349.93,23.36,169.79
2022-01-27,4326.51,23.45,167.6
2022-01-28,4431.85,23.48,167.1
2022-01-31,4515.55,23.47,168.09
2022-02-01,4546.54,23.43,168.23
2022-02-02,4589.38,23.46,168.84
2022-02-03,4477.44,23.39,168.6
2022-02-04,4500.53,23.24,168.86
2022-02-07,4483.87,23.24,170.11
2022-02-08,4521.54,23.2,170.63
2022-02-09,4587.18,23.2,171.21
2022-02-10,4504.08,23.0,170.56
2022-02-11,4418.64,23.16,173.81
2022-02-14,4401.67,23.06,174.74
2022-02-15,4471.07,22.97,173.08
2022-02-16,4475.01,23.04,174.86
2022-02-17,4380.26,23.11,177.25
2022-02-18,4348.87,23.16,177.12
2022-02-22,4304.76,23.17,177.49
2022-02-23,4225.5,23.06,178.29
2022-02-24,4288.7,23.07,177.14
2022-02-25,4384.65,23.11,176.55
2022-02-28,4373.94,23.29,178.38
2022-03-01,4306.26,23.46,181.62
2022-03-02,4386.54,23.15,179.73
2022-03-03,4363.49,23.23,180.8
2022-03-04,4328.87,23.37,183.68
2022-03-07,4201.09,23.28,186.41
2022-03-08,4170.7,23.17,191.51
2022-03-09,4277.88,23.08,185.82
2022-03-10,4259.52,22.98,186.4
2022-03-11,4204.31,22.98,185.09
2022-03-14,4173.11,22.78,182.3
2022-03-15,4262.45,22.62,178.89
2022-03-16,4357.86,22.78,180.01
2022-03-17,4411.67,22.73,180.89
2022-03-18,4463.12,22.79,179.3
2022-03-21,4461.18,22.56,180.67
2022-03-22,4511.61,22.48,179.36
2022-03-23,4456.24,22.59,181.81
2022-03-24,4520.16,22.54,183.13
2022-03-25,4543.06,22.36,182.38
2022-03-28,4575.52,22.41,179.06
2022-03-29,4631.6,22.47,179.14
2022-03-30,4602.45,22.54,180.58
2022-03-31,4530.41,22.54,180.65
2022-04-01,4545.86,22.48,179.5
2022-04-04,4582.64,22.46,180.37
2022-04-05,4525.12,22.28,179.24
2022-04-06,4481.15,22.25,179.66
2022-04-07,4500.21,22.22,180.34
2022-04-08,4488.28,22.13,181.47
2022-04-11,4412.53,22.06,182.37
2022-04-12,4397.45,22.11,183.77
2022-04-13,4446.59,22.15,184.65
2022-04-14,4392.59,21.98,184.04
2022-04-18,4391.69,21.96,184.61
2022-04-19,4462.21,21.85,181.82
2022-04-20,4459.45,21.97,182.71
2022-04-21,4393.66,21.89,182.06
2022-04-22,4271.78,21.86,180.29
2022-04-25,4296.12,21.97,177.05
2022-04-26,4175.2,22.08,177.32
2022-04-27,4183.96,21.98,175.98
2022-04-28,4287.5,21.97,176.93
2022-04-29,4131.93,21.88,176.91
2022-05-02,4155.38,21.74,173.63
2022-05-03,4175.48,21.77,174.09
2022-05-04,4300.17,21.86,175.8
2022-05-05,4146.87,21.69,175.13
2022-05-06,4123.34,21.61,175.42
2022-05-09,3991.24,21.73,172.88
2022-05-10,4001.05,21.76,171.42
2022-05-11,3935.18,21.85,172.82
2022-05-12,3930.08,21.89,170.17
2022-05-13,4023.89,21.81,168.79
2022-05-16,4008.01,21.83,170.4
2022-05-17,4088.85,21.7,169.33
2022-05-18,3923.68,21.82,169.42
2022-05-19,3900.79,21.87,171.91
2022-05-20,3901.36,21.96,172.03
2022-05-23,3973.75,21.85,172.83
2022-05-24,3941.48,22.03,174.13
2022-05-25,3978.73,22.08,173.08
2022-05-26,4057.84,22.04,172.76
2022-05-27,4158.24,21.96,172.85
2022-05-31,4132.15,21.88,171.14
2022-06-01,4101.23,21.82,172.23
2022-06-02,4176.82,21.83,174.35
2022-06-03,4108.54,21.81,172.58
2022-06-06,4121.43,21.66,171.82
2022-06-07,4160.68,21.75,172.94
2022-06-08,4115.77,21.69,172.78
2022-06-09,4017.82,21.69,172.23
2022-06-10,3900.86,21.53,174.54
2022-06-13,3749.63,21.24,169.93
2022-06-14,3735.48,21.13,168.57
2022-06-15,3789.99,21.32,170.77
2022-06-16,3666.77,21.42,172.69
2022-06-17,3674.84,21.42,171.27
2022-06-21,3764.79,21.33,170.63
2022-06-22,3759.89,21.52,171.31
2022-06-23,3795.73,21.61,170.26
2022-06-24,3911.74,21.54,170.09
2022-06-27,3900.11,21.47,169.9
2022-06-28,3821.55,21.49,169.62
2022-06-29,3818.83,21.61,169.49
2022-06-30,3785.38,21.7,168.46
2022-07-01,3825.33,21.88,168.32
2022-07-05,3831.39,21.92,164.75
2022-07-06,3845.08,21.74,162.14
2022-07-07,3902.62,21.68,162.23
2022-07-08,3899.38,21.59,162.3
2022-07-11,3854.43,21.7,161.43
2022-07-12,3818.8,21.75,160.83
2022-07-13,3801.78,21.79,161.6
2022-07-14,3790.38,21.73,159.33
2022-07-15,3863.16,21.77,159.01
2022-07-18,3830.85,21.71,159.16
2022-07-19,3936.69,21.63,159.54
2022-07-20,3959.9,21.62,158.04
2022-07-21,3998.95,21.83,160.27
2022-07-22,3961.63,22.0,160.67
2022-07-25,3966.84,21.93,160.23
2022-07-26,3921.05,21.93,160.04
2022-07-27,4023.61,21.94,161.67
2022-07-28,4072.43,22.04,163.64
2022-07-29,4130.29,22.05,164.1
2022-08-01,4118.63,22.18,165.03
2022-08-02,4091.19,21.96,164.05
2022-08-03,4155.17,22.04,164.45
2022-08-04,4151.94,22.08,167.17
2022-08-05,4145.19,21.86,165.29
2022-08-08,4140.06,21.93,166.69
2022-08-09,4122.47,21.89,167.2
2022-08-10,4210.24,21.89,166.78
2022-08-11,4207.27,21.77,166.34
2022-08-12,4280.15,21.82,167.87
2022-08-15,4297.14,21.84,165.71
2022-08-16,4305.2,21.85,165.42
2022-08-17,4274.04,21.76,164.35
2022-08-18,4283.74,21.78,163.92
2022-08-19,4228.48,21.68,162.72
2022-08-22,4137.99,21.62,161.64
2022-08-23,4128.73,21.59,162.77
2022-08-24,4140.77,21.53,163.25
2022-08-25,4199.12,21.63,163.75
2022-08-26,4057.66,21.64,161.76
2022-08-29,4030.61,21.56,161.86
2022-08-30,3986.16,21.57,160.51
2022-08-31,3955.0,21.49,159.27
2022-09-01,3966.85,21.37,157.87
2022-09-02,3924.26,21.45,159.26
2022-09-06,3908.19,21.29,158.33
2022-09-07,3979.87,21.39,159.94
2022-09-08,4006.18,21.34,158.98
2022-09-09,4067.36,21.32,159.82
2022-09-12,4110.41,21.27,160.63
2022-09-13,3932.69,21.21,158.54
2022-09-14,3946.01,21.21,157.93
2022-09-15,3901.35,21.17,154.98
2022-09-16,3873.33,21.16,155.84
2022-09-19,3899.89,21.14,155.96
2022-09-20,3855.93,21.05,155.07
2022-09-21,3789.93,21.13,155.79
2022-09-22,3757.99,20.92,155.7
2022-09-23,3693.23,20.92,153.01
2022-09-26,3655.04,20.72,151.23
2022-09-27,3647.29,20.59,151.54
2022-09-28,3719.04,20.88,154.69
2022-09-29,3640.47,20.83,154.66
2022-09-30,3585.62,20.75,154.67
2022-10-03,3678.43,20.91,158.43
2022-10-04,3790.93,20.92,160.7
2022-10-05,3783.28,20.82,159.81
2022-10-06,3744.52,20.75,159.63
2022-10-07,3639.66,20.67,157.88
2022-10-10,3612.39,20.6,155.48
2022-10-11,3588.84,20.62,155.16
2022-10-12,3577.03,20.68,155.99
2022-10-13,3669.91,20.57,154.91
2022-10-14,3583.07,20.5,152.98
2022-10-17,3677.95,20.5,153.42
2022-10-18,3719.98,20.55,153.75
2022-10-19,3695.16,20.4,151.69
2022-10-20,3665.78,20.28,151.45
2022-10-21,3752.75,20.29,154.15
2022-10-24,3797.34,20.26,153.65
2022-10-25,3859.11,20.43,154.0
2022-10-26,3830.6,20.5,154.98
2022-10-27,3807.3,20.61,154.74
2022-10-28,3901.06,20.53,153.16
2022-10-31,3871.98,20.48,151.91
2022-11-01,3856.1,20.49,153.46
2022-11-02,3759.69,20.46,152.39
2022-11-03,3719.89,20.39,151.81
2022-11-04,3770.55,20.35,156.47
2022-11-07,3806.8,20.29,155.85
2022-11-08,3828.11,20.38,159.45
2022-11-09,3748.57,20.42,158.65
2022-11-10,3956.37,20.75,163.48
2022-11-11,3992.93,20.72,164.56
2022-11-14,3957.25,20.68,164.92
2022-11-15,3991.73,20.8,165.5
2022-11-16,3958.79,20.92,165.12
2022-11-17,3946.56,20.83,163.92
2022-11-18,3965.34,20.77,162.79
2022-11-21,3949.94,20.78,161.88
2022-11-22,4003.58,20.86,162.07
2022-11-23,4027.26,20.95,163.08
2022-11-25,4026.12,20.94,163.22
2022-11-28,3963.94,20.98,161.93
2022-11-29,3957.63,20.9,162.73
2022-11-30,4080.11,21.03,164.81
2022-12-01,4076.57,21.23,167.84
2022-12-02,4071.7,21.27,167.26
2022-12-05,3998.84,21.13,164.39
2022-12-06,3941.26,21.22,164.84
2022-12-07,3933.92,21.37,166.33
2022-12-08,3963.51,21.32,166.47
2022-12-09,3934.38,21.19,167.06
2022-12-12,3990.56,21.17,165.68
2022-12-13,4019.65,21.31,168.51
2022-12-14,3995.32,21.34,168.1
2022-12-15,3895.75,21.38,165.35
2022-12-16,3852.36,21.33,166.79
2022-12-19,3817.66,21.21,166.32
2022-12-20,3821.62,21.1,169.08
2022-12-21,3878.44,21.13,168.8
2022-12-22,3822.39,21.12,166.76
2022-12-23,3844.82,21.03,167.26
2022-12-27,3829.25,20.91,168.67
2022-12-28,3783.22,20.88,167.91
2022-12-29,3849.28,20.95,168.85
2022-12-30,3839.5,20.87,169.64
2023-01-03,3824.14,20.98,171.06
2023-01-04,3852.97,21.08,172.67
2023-01-05,3808.1,21.08,170.52
2023-01-06,3895.08,21.26,173.71
2023-01-09,3892.09,21.31,174.1
2023-01-10,3919.25,21.22,174.74
2023-01-11,3969.61,21.31,174.62
2023-01-12,3983.17,21.48,176.64
2023-01-13,3999.09,21.4,178.76
2023-01-17,3990.97,21.36,177.59
2023-01-18,3928.86,21.55,177.08
2023-01-19,3898.85,21.53,179.89
2023-01-20,3972.61,21.41,179.29
2023-01-23,4019.81,21.35,179.63
2023-01-24,4016.95,21.45,180.28
2023-01-25,4016.22,21.47,181.11
2023-01-26,4060.43,21.42,179.47
2023-01-27,4070.56,21.39,179.22
2023-01-30,4017.77,21.35,178.76
2023-01-31,4076.6,21.43,179.41
2023-02-01,4119.21,21.56,181.67
2023-02-02,4179.76,21.56,177.9
2023-02-03,4136.48,21.39,173.46
2023-02-06,4111.08,21.27,173.82
2023-02-07,4164.0,21.23,173.98
2023-02-08,4117.86,21.28,174.41
2023-02-09,4081.5,21.21,173.03
2023-02-10,4090.46,21.12,173.36
2023-02-13,4137.29,21.17,172.48
2023-02-14,4136.13,21.11,172.61
2023-02-15,4147.6,21.05,170.89
2023-02-16,4090.41,20.99,170.75
2023-02-17,4079.09,21.05,171.26
2023-02-21,3997.34,20.89,170.62
2023-02-22,3991.05,20.94,169.66
2023-02-23,4012.32,21.0,169.57
2023-02-24,3970.04,20.89,168.35
2023-02-27,3982.24,20.92,169.01
2023-02-28,3970.15,20.95,169.78
2023-03-01,3951.39,20.84,170.76
2023-03-02,3981.35,20.78,170.66
2023-03-03,4045.64,20.91,172.49
2023-03-06,4048.42,20.88,171.62
2023-03-07,3986.37,20.87,168.62
2023-03-08,3992.01,20.86,168.54
2023-03-09,3918.32,20.96,170.2
2023-03-10,3861.59,21.25,173.87
2023-03-13,3855.76,21.46,177.86
2023-03-14,3919.29,21.29,176.83
2023-03-15,3891.93,21.54,178.21
2023-03-16,3960.28,21.39,178.57
2023-03-17,3916.64,21.6,183.77
2023-03-20,3951.57,21.52,183.84
2023-03-21,4002.87,21.36,180.37
2023-03-22,3936.97,21.56,183.44
2023-03-23,3948.72,21.65,185.74
2023-03-24,3970.99,21.67,183.65
2023-03-27,3977.53,21.46,181.95
2023-03-28,3971.27,21.45,183.44
2023-03-29,4027.81,21.42,182.53
2023-03-30,4050.83,21.46,184.18
2023-03-31,4109.31,21.56,183.22
2023-04-03,4124.51,21.63,184.54
2023-04-04,4100.6,21.72,187.98
2023-04-05,4090.38,21.79,187.83
2023-04-06,4105.02,21.79,186.49
2023-04-10,4109.11,21.64,185.11
2023-04-11,4108.94,21.64,186.28
2023-04-12,4091.95,21.67,187.19
2023-04-13,4146.22,21.64,189.72
2023-04-14,4137.64,21.53,186.36
2023-04-17,4151.32,21.44,185.53
2023-04-18,4154.87,21.46,186.25
2023-04-19,4154.52,21.42,185.36
2023-04-20,4129.79,21.52,186.09
2023-04-21,4133.52,21.48,184.25
2023-04-24,4137.04,21.56,184.81
2023-04-25,4071.63,21.75,185.75
2023-04-26,4055.99,21.66,184.74
2023-04-27,4135.35,21.54,184.75
2023-04-28,4169.48,21.65,184.8
2023-05-01,4167.87,21.47,183.97
2023-05-02,4119.58,21.68,187.52
2023-05-03,4090.75,21.78,189.11
2023-05-04,4061.22,21.77,190.44
2023-05-05,4136.25,21.68,187.46
2023-05-08,4138.12,21.57,187.69
2023-05-09,4119.17,21.55,189.02
2023-05-10,4137.64,21.67,188.75
2023-05-11,4130.62,21.74,187.13
2023-05-12,4124.08,21.63,186.81
2023-05-15,4136.28,21.59,187.21
2023-05-16,4109.9,21.55,184.87
2023-05-17,4158.77,21.5,184.23
2023-05-18,4198.05,21.41,181.84
2023-05-19,4191.98,21.34,183.64
2023-05-22,4192.63,21.32,183.21
2023-05-23,4145.58,21.34,183.43
2023-05-24,4115.24,21.28,181.95
2023-05-25,4151.28,21.21,180.2
2023-05-26,4205.45,21.22,180.92
2023-05-30,4205.52,21.35,182.04
2023-05-31,4179.83,21.42,182.32
2023-06-01,4221.02,21.47,183.76
2023-06-02,4282.37,21.34,181.05
2023-06-05,4273.79,21.34,182.14
2023-06-06,4283.85,21.36,182.34
2023-06-07,4267.52,21.25,180.15
2023-06-08,4293.93,21.35,182.53
2023-06-09,4298.86,21.31,182.04
2023-06-12,4338.93,21.33,181.88
2023-06-13,4369.01,21.23,180.54
2023-06-14,4372.59,21.24,180.64
2023-06-15,4425.84,21.36,181.91
2023-06-16,4409.59,21.3,181.63
2023-06-20,4388.71,21.36,179.75
2023-06-21,4365.69,21.37,179.49
2023-06-22,4381.89,21.28,177.71
2023-06-23,4348.33,21.33,178.2
2023-06-26,4328.82,21.37,178.51
2023-06-27,4378.41,21.32,177.69
2023-06-28,4376.86,21.37,177.28
2023-06-29,4396.44,21.22,177.09
2023-06-30,4450.38,21.24,178.27
2023-07-03,4455.59,21.21,178.47
2023-07-05,4446.82,21.13,177.84
2023-07-06,4411.59,21.02,177.31
2023-07-07,4398.95,21.0,178.64
2023-07-10,4409.53,21.07,178.78
2023-07-11,4439.26,21.09,179.45
2023-07-12,4472.16,21.23,181.88
2023-07-13,4510.04,21.37,182.01
2023-07-14,4505.42,21.26,181.43
2023-07-17,4522.79,21.3,181.56
2023-07-18,4554.98,21.32,183.64
2023-07-19,4565.72,21.39,183.67
2023-07-20,4534.87,21.27,182.74
2023-07-21,4536.34,21.28,182.18
2023-07-24,4554.64,21.24,181.4
2023-07-25,4567.46,21.22,182.41
2023-07-26,4566.75,21.26,183.3
2023-07-27,4537.41,21.11,180.42
2023-07-28,4582.23,21.16,181.86
2023-07-31,4588.96,21.18,182.35
2023-08-01,4576.73,21.08,180.46
2023-08-02,4513.39,21.03,179.6
2023-08-03,4501.89,20.92,179.54
2023-08-04,4478.03,21.07,180.19
2023-08-07,4518.44,21.03,179.78
2023-08-08,4499.38,21.11,178.64
2023-08-09,4467.71,21.12,177.79
2023-08-10,4468.83,21.0,177.6
2023-08-11,4464.05,20.95,177.6
2023-08-14,4489.72,20.92,177.06
2023-08-15,4437.86,20.89,176.59
2023-08-16,4404.33,20.84,175.57
2023-08-17,4370.36,20.84,175.3
2023-08-18,4369.71,20.86,175.33
2023-08-21,4399.77,20.76,175.81
2023-08-22,4387.55,20.78,176.1
2023-08-23,4436.01,20.95,177.89
2023-08-24,4376.31,20.9,177.85
2023-08-25,4405.71,20.89,177.62
2023-08-28,4433.31,20.92,178.13
2023-08-29,4497.63,21.03,179.87
2023-08-30,4514.87,21.03,180.32
2023-08-31,4507.66,21.08,180.02
2023-09-01,4515.77,20.98,180.11
2023-09-05,4496.83,20.88,178.64
2023-09-06,4465.48,20.86,177.83
2023-09-07,4451.14,20.91,178.02
2023-09-08,4457.49,20.91,178.08
2023-09-11,4487.46,20.88,178.41
2023-09-12,4461.9,20.9,177.49
2023-09-13,4467.44,20.92,177.08
2023-09-14,4505.1,20.88,177.17
2023-09-15,4450.32,20.85,178.34
2023-09-18,4453.53,20.87,179.39
2023-09-19,4443.95,20.81,179.22
2023-09-20,4402.2,20.8,179.35
2023-09-21,4330.0,20.67,178.05
2023-09-22,4320.06,20.74,178.62
2023-09-25,4337.44,20.61,177.7
2023-09-26,4273.53,20.6,176.28
2023-09-27,4274.51,20.55,174.1
2023-09-28,4299.7,20.6,173.23
2023-09-29,4288.05,20.6,171.45
2023-10-02,4288.39,20.49,169.65
2023-10-03,4229.45,20.36,169.16
2023-10-04,4263.75,20.47,169.14
2023-10-05,4258.19,20.48,168.83
2023-10-06,4308.5,20.39,169.7
2023-10-09,4335.66,20.58,172.82
2023-10-10,4358.24,20.56,172.53
2023-10-11,4376.95,20.65,173.79
2023-10-12,4349.61,20.49,173.26
2023-10-13,4327.78,20.59,178.83
2023-10-16,4373.63,20.49,177.96
2023-10-17,4373.2,20.37,178.29
2023-10-18,4314.6,20.3,180.87
2023-10-19,4278.0,20.23,183.09
2023-10-20,4224.16,20.3,183.59
2023-10-23,4217.04,20.38,182.97
2023-10-24,4247.68,20.43,182.95
2023-10-25,4186.77,20.29,183.72
2023-10-26,4137.23,20.42,184.01
2023-10-27,4117.37,20.42,186.15
2023-10-30,4166.82,20.39,185.1
2023-10-31,4193.8,20.35,184.09
2023-11-01,4237.86,20.52,183.51
2023-11-02,4317.78,20.62,184.12
2023-11-03,4358.34,20.73,184.79
2023-11-06,4365.98,20.66,183.35
2023-11-07,4378.38,20.74,182.59
2023-11-08,4382.78,20.81,180.77
2023-11-09,4347.35,20.66,181.49
2023-11-10,4415.24,20.68,179.51
2023-11-13,4411.55,20.68,180.51
2023-11-14,4495.7,20.88,182.12
2023-11-15,4502.88,20.78,181.64
2023-11-16,4508.24,20.87,183.69
2023-11-17,4514.02,20.89,183.67
2023-11-20,4547.38,20.92,183.37
2023-11-21,4538.19,20.94,185.35
2023-11-22,4556.62,20.94,184.56
2023-11-24,4559.34,20.86,185.52
2023-11-27,4550.43,20.98,186.77
2023-11-28,4554.89,21.04,189.26
2023-11-29,4550.58,21.15,189.54
2023-11-30,4567.8,21.06,188.75
2023-12-01,4594.63,21.23,192.01
2023-12-04,4569.78,21.17,187.86
2023-12-05,4567.18,21.29,187.15
2023-12-06,4549.34,21.36,187.84
2023-12-07,4585.59,21.35,188.15
2023-12-08,4604.37,21.25,185.64
2023-12-11,4622.44,21.25,183.59
2023-12-12,4643.7,21.26,183.49
2023-12-13,4707.09,21.52,187.63
2023-12-14,4719.55,21.68,188.73
2023-12-15,4719.19,21.67,187.0
2023-12-18,4740.56,21.62,187.85
2023-12-19,4768.37,21.65,189.13
2023-12-20,4698.35,21.71,188.1
2023-12-21,4746.75,21.71,189.43
2023-12-22,4754.63,21.69,190.27
2023-12-26,4774.75,21.71,191.72
2023-12-27,4781.58,21.83,192.59
2023-12-28,4783.35,21.78,191.47
2023-12-29,4769.83,21.75,191.17
2024-01-02,4742.83,21.68,190.72
2024-01-03,4704.81,21.72,189.13
2024-01-04,4688.68,21.61,189.32
2024-01-05,4697.24,21.55,189.35
2024-01-08,4763.54,21.61,187.87
2024-01-09,4756.5,21.59,187.93
2024-01-10,4783.45,21.57,187.5
2024-01-11,4780.24,21.66,187.87
2024-01-12,4783.83,21.7,189.71
2024-01-16,4765.98,21.56,187.91
2024-01-17,4739.21,21.51,185.84
2024-01-18,4780.94,21.46,187.37
2024-01-19,4839.81,21.46,187.93
2024-01-22,4850.43,21.51,187.22
2024-01-23,4864.6,21.47,187.95
2024-01-24,4868.55,21.42,186.4
2024-01-25,4894.16,21.5,187.14
2024-01-26,4890.97,21.48,187.01
2024-01-29,4927.93,21.57,188.33
2024-01-30,4924.97,21.59,188.59
2024-01-31,4845.65,21.71,188.45
2024-02-01,4906.19,21.83,190.41
2024-02-02,4958.61,21.63,188.61
2024-02-05,4942.81,21.46,187.57
2024-02-06,4954.23,21.56,188.55
2024-02-07,4995.06,21.52,188.5
2024-02-08,4997.91,21.47,188.33
2024-02-09,5026.61,21.46,187.6
2024-02-12,5021.84,21.47,187.11
2024-02-13,4953.17,21.29,184.53
2024-02-14,5000.62,21.35,184.42
2024-02-15,5029.73,21.4,185.66
2024-02-16,5005.57,21.33,186.34
2024-02-20,4975.51,21.36,187.47
2024-02-21,4981.8,21.31,187.48
2024-02-22,5087.03,21.31,187.56
2024-02-23,5088.8,21.39,188.62
2024-02-26,5069.53,21.36,188.2
2024-02-27,5078.18,21.32,188.0
2024-02-28,5069.76,21.38,188.34
2024-02-29,5096.27,21.43,189.31
2024-03-01,5137.08,21.51,192.89
2024-03-04,5130.95,21.47,196.01
2024-03-05,5078.65,21.57,197.19
2024-03-06,5104.76,21.61,198.81
2024-03-07,5157.36,21.64,199.94
2024-03-08,5123.69,21.64,201.63
2024-03-11,5117.94,21.62,202.0
2024-03-12,5175.27,21.54,199.79
2024-03-13,5165.31,21.51,201.19
2024-03-14,5150.48,21.4,200.35
2024-03-15,5117.09,21.37,199.71
2024-03-18,5149.42,21.35,200.03
2024-03-19,5178.51,21.39,199.8
2024-03-20,5224.62,21.44,202.18
2024-03-21,5241.53,21.44,201.97
2024-03-22,5234.18,21.52,200.35
2024-03-25,5218.19,21.48,200.99
2024-03-26,5203.58,21.51,201.64
2024-03-27,5248.49,21.56,203.1
2024-03-28,5254.35,21.59,205.72
2024-04-01,5243.77,21.4,207.82
2024-04-02,5205.81,21.37,210.89
2024-04-03,5211.49,21.38,212.74
2024-04-04,5147.21,21.45,211.52
2024-04-05,5204.34,21.34,215.14
2024-04-08,5202.39,21.31,216.48
2024-04-09,5209.91,21.38,217.67
2024-04-10,5160.64,21.15,215.61
2024-04-11,5199.06,21.14,219.8
2024-04-12,5123.41,21.2,216.89
2024-04-15,5061.82,21.09,220.95
2024-04-16,5051.41,21.04,221.22
2024-04-17,5022.21,21.13,219.59
2024-04-18,5011.12,21.09,220.34
2024-04-19,4967.23,21.11,221.03
2024-04-22,5010.6,21.11,215.57
2024-04-23,5070.55,21.13,215.04
2024-04-24,5071.63,21.08,214.64
2024-04-25,5048.42,21.03,215.92
2024-04-26,5099.96,21.07,216.62
2024-04-29,5116.17,21.12,216.18
2024-04-30,5035.69,21.07,211.87
2024-05-01,5018.39,21.12,213.79
2024-05-02,5064.2,21.19,213.13
2024-05-03,5127.79,21.29,212.96
2024-05-06,5180.74,21.29,215.2
2024-05-07,5187.7,21.34,214.21
2024-05-08,5187.67,21.3,213.58
2024-05-09,5214.08,21.34,216.95
2024-05-10,5222.68,21.29,218.71
2024-05-13,5221.42,21.32,216.26
2024-05-14,5246.68,21.37,218.09
2024-05-15,5308.15,21.49,220.89
2024-05-16,5297.1,21.46,220.03
2024-05-17,5303.27,21.42,223.66
2024-05-20,5308.13,21.39,224.56
2024-05-21,5321.41,21.43,224.23
2024-05-22,5307.01,21.42,220.11
2024-05-23,5267.84,21.36,215.72
2024-05-24,5304.72,21.38,215.92
2024-05-28,5306.04,21.29,218.19
2024-05-29,5266.95,21.21,216.16
2024-05-30,5235.48,21.29,216.57
2024-05-31,5277.51,21.36,215.3
2024-06-03,5283.4,21.48,217.22
2024-06-04,5291.34,21.56,215.27
2024-06-05,5354.03,21.63,217.82
2024-06-06,5352.96,21.63,219.43
2024-06-07,5346.99,21.45,211.6
2024-06-10,5360.79,21.42,213.54
2024-06-11,5375.32,21.49,214.15
2024-06-12,5421.03,21.58,214.72
2024-06-13,5433.74,21.69,212.97
2024-06-14,5431.6,21.74,215.73
2024-06-17,5473.23,21.66,214.61
2024-06-18,5487.03,21.74,215.47
2024-06-20,5473.17,21.7,218.16
2024-06-21,5464.62,21.7,214.78
2024-06-24,5447.87,21.71,215.63
2024-06-25,5469.3,21.73,214.56
2024-06-26,5477.9,21.63,212.58
2024-06-27,5482.87,21.67,214.99
2024-06-28,5460.48,21.57,215.01
2024-07-01,5475.09,21.45,215.57
2024-07-02,5509.01,21.5,215.56
2024-07-03,5537.02,21.62,217.99
2024-07-05,5567.19,21.72,220.93
2024-07-08,5572.85,21.71,218.19
2024-07-09,5576.98,21.7,218.56
2024-07-10,5633.91,21.71,219.36
2024-07-11,5584.54,21.82,223.25
2024-07-12,5615.35,21.87,223.11
2024-07-15,5631.22,21.81,223.83
2024-07-16,5667.2,21.9,228.29
2024-07-17,5588.27,21.9,227.23
2024-07-18,5544.59,21.84,225.78
2024-07-19,5505.0,21.8,221.73
2024-07-22,5564.41,21.78,221.8
2024-07-23,5555.74,21.79,222.58
2024-07-24,5427.13,21.75,221.8
2024-07-25,5399.22,21.79,218.33
2024-07-26,5459.1,21.87,220.63
2024-07-29,5463.54,21.9,220.32
2024-07-30,5436.44,21.93,222.52
2024-07-31,5522.3,22.05,226.55
2024-08-01,5446.68,22.14,225.77
2024-08-02,5346.56,22.44,225.34
2024-08-05,5186.33,22.45,222.48
2024-08-06,5240.03,22.27,220.7
2024-08-07,5199.5,22.23,220.55
2024-08-08,5319.31,22.18,224.01
2024-08-09,5344.16,22.23,224.56
2024-08-12,5344.39,22.28,228.41
2024-08-13,5434.43,22.36,228.06
2024-08-14,5455.21,22.39,226.2
2024-08-15,5543.22,22.27,226.91
2024-08-16,5554.25,22.32,231.99
2024-08-19,5608.25,22.34,231.61
2024-08-20,5597.12,22.42,232.46
2024-08-21,5620.85,22.46,232.15
2024-08-22,5570.64,22.37,229.37
2024-08-23,5634.61,22.45,232.02
2024-08-26,5616.84,22.44,232.76
2024-08-27,5625.8,22.43,233.39
2024-08-28,5592.18,22.42,231.75
2024-08-29,5591.96,22.39,232.95
2024-08-30,5648.4,22.33,231.29
2024-09-03,5528.93,22.44,230.29
2024-09-04,5520.07,22.57,230.43
2024-09-05,5503.41,22.6,232.35
2024-09-06,5408.42,22.63,230.63
2024-09-09,5471.05,22.66,231.6
2024-09-10,5495.52,22.75,232.62
2024-09-11,5554.13,22.73,232.25
2024-09-12,5595.76,22.69,236.33
2024-09-13,5626.02,22.74,238.68
2024-09-16,5633.09,22.8,238.66
2024-09-17,5634.58,22.76,237.34
2024-09-18,5618.26,22.67,235.51
2024-09-19,5713.64,22.66,239.17
2024-09-20,5702.55,22.65,242.21
2024-09-23,5718.57,22.64,242.68
2024-09-24,5732.93,22.66,246.07
2024-09-25,5722.26,22.59,245.73
2024-09-26,5745.37,22.59,246.98
2024-09-27,5738.17,22.65,245.02
2024-09-30,5762.48,22.59,243.06
2024-10-01,5708.75,22.65,245.61
2024-10-02,5709.54,22.6,245.66
2024-10-03,5699.94,22.51,245.49
2024-10-04,5751.07,22.35,245.0
2024-10-07,5695.94,22.28,244.17
2024-10-08,5751.13,22.31,242.37
2024-10-09,5792.04,22.24,241.05
2024-10-10,5780.05,22.23,242.82
2024-10-11,5815.03,22.24,245.47
2024-10-14,5859.85,22.22,245.07
2024-10-15,5815.26,22.32,245.92
2024-10-16,5842.47,22.34,247.15
2024-10-17,5841.47,22.24,248.63
2024-10-18,5864.67,22.26,251.27
2024-10-21,5853.98,22.13,251.22
2024-10-22,5851.2,22.12,253.93
2024-10-23,5797.42,22.08,250.87
2024-10-24,5809.86,22.12,252.8
2024-10-25,5808.12,22.08,253.32
2024-10-28,5823.52,22.06,253.33
2024-10-29,5832.92,22.07,256.09
2024-10-30,5813.67,22.05,257.5
2024-10-31,5705.45,22.05,253.51
2024-11-01,5728.8,21.96,252.47
2024-11-04,5712.69,22.06,252.83
2024-11-05,5782.76,22.08,253.4
2024-11-06,5929.04,21.89,245.7
2024-11-07,5973.1,22.01,249.65
2024-11-08,5995.54,22.06,247.96
2024-11-11,6001.35,22.02,242.14
2024-11-12,5983.99,21.9,240.05
2024-11-13,5985.38,21.89,237.63
2024-11-14,5949.17,21.9,237.01
2024-11-15,5870.62,21.91,236.59
2024-11-18,5893.62,21.93,241.09
2024-11-19,5916.98,21.97,243.25
2024-11-20,5917.11,21.94,244.62
2024-11-21,5948.71,21.92,246.66
2024-11-22,5969.34,21.93,249.84
2024-11-25,5987.37,22.13,242.48
2024-11-26,6021.63,22.1,242.95
2024-11-27,5998.74,22.16,243.49
2024-11-29,6032.38,22.23,245.59
2024-12-02,6047.15,22.25,243.44
2024-12-03,6049.88,22.2,243.93
2024-12-04,6086.49,22.27,244.67
2024-12-05,6075.11,22.27,242.86
2024-12-06,6090.27,22.32,242.95
2024-12-09,6052.85,22.26,245.36
2024-12-10,6034.91,22.22,248.59
2024-12-11,6084.19,22.17,250.96
2024-12-12,6051.25,22.09,247.28
2024-12-13,6051.09,22.02,244.29
2024-12-16,6074.08,22.03,244.88
2024-12-17,6050.61,22.04,243.94
2024-12-18,5872.16,21.91,239.26
2024-12-19,5867.08,21.85,239.6
2024-12-20,5930.85,21.89,242.1
2024-12-23,5974.07,21.83,240.96
2024-12-24,6040.04,21.84,241.44
2024-12-26,6037.59,21.86,243.07
2024-12-27,5970.84,21.81,241.4
2024-12-30,5906.94,21.9,240.63
2024-12-31,5881.63,22.39,242.13
2025-01-02,5868.55,21.89,245.42
2025-01-03,5942.47,21.86,243.49
2025-01-06,5975.38,21.85,243.19
2025-01-07,5909.03,21.77,244.56
2025-01-08,5918.25,21.8,245.86
2025-01-10,5827.04,21.7,248.21
2025-01-13,5836.22,21.69,245.74
2025-01-14,5842.91,21.68,247.03
2025-01-15,5949.91,21.83,248.88
2025-01-16,5937.34,21.88,250.6
2025-01-17,5996.66,21.88,249.27
2025-01-21,6049.24,21.94,253.13
2025-01-22,6086.37,21.9,254.43
2025-01-23,6118.71,21.85,254.07
2025-01-24,6101.24,21.9,255.65
2025-01-27,6012.28,22.01,252.99
2025-01-28,6067.7,22.01,255.18
2025-01-29,6039.31,21.98,254.2
2025-01-30,6071.17,22.02,258.05
2025-01-31,6040.53,22.0,258.56
2025-02-03,5994.57,22.01,259.94
2025-02-04,6037.88,22.05,262.5
2025-02-05,6061.48,22.15,264.13
2025-02-06,6083.57,22.14,263.43
2025-02-07,6025.99,22.07,263.9
2025-02-10,6066.44,22.07,268.37
2025-02-11,6068.5,22.03,267.39
2025-02-12,6051.97,21.92,267.67
2025-02-13,6115.07,22.04,270.31
2025-02-14,6114.63,22.11,266.29
2025-02-18,6129.58,22.02,270.7
2025-02-19,6144.15,22.05,270.85
2025-02-20,6117.52,22.08,270.99
2025-02-21,6013.13,22.18,270.74
2025-02-24,5983.25,22.22,272.21
2025-02-25,5955.25,22.35,268.62
2025-02-26,5956.06,22.4,269.03
2025-02-27,5861.57,22.38,264.93
2025-02-28,5954.5,22.47,263.27
2025-03-03,5849.72,22.52,266.74
2025-03-04,5778.15,22.46,269.06
2025-03-05,5842.63,22.38,269.62
2025-03-06,5738.52,22.38,268.25
2025-03-07,5770.2,22.35,268.39
2025-03-10,5614.56,22.46,266.04
2025-03-11,5572.07,22.41,269.16
2025-03-12,5599.3,22.35,270.33
2025-03-13,5521.52,22.42,275.13
2025-03-14,5638.94,22.36,275.24
2025-03-17,5675.12,22.38,276.73
2025-03-18,5614.66,22.41,279.96
2025-03-19,5675.29,22.45,281.11
2025-03-20,5662.89,22.47,280.75
2025-03-21,5667.56,22.45,278.49
2025-03-24,5767.57,22.36,277.25
2025-03-25,5776.65,22.38,278.47
2025-03-26,5712.2,22.34,278.24
2025-03-27,5693.31,22.33,281.97
2025-03-28,5580.94,22.46,284.06
2025-03-31,5611.85,22.52,288.14
2025-04-01,5633.07,22.57,287.57
2025-04-02,5670.97,22.55,288.16
2025-04-03,5396.52,22.72,286.42
2025-04-04,5074.08,22.77,279.72
2025-04-07,5062.25,22.55,273.71
2025-04-08,4982.77,22.46,275.2
2025-04-09,5456.9,22.43,285.38
2025-04-10,5268.05,22.3,292.35
2025-04-11,5363.36,22.25,297.93
2025-04-14,5405.97,22.36,296.23
2025-04-15,5396.63,22.4,297.78
2025-04-16,5275.7,22.47,307.47
2025-04-17,5282.7,22.42,306.12
2025-04-21,5158.2,22.33,315.59
2025-04-22,5287.76,22.35,311.11
2025-04-23,5375.86,22.38,303.65
2025-04-24,5484.77,22.47,308.07
2025-04-25,5525.21,22.52,304.73
2025-04-28,5528.75,22.59,309.07
2025-04-29,5560.83,22.66,306.06
2025-04-30,5569.06,22.68,303.77
2025-05-01,5604.14,22.58,297.46
2025-05-02,5686.67,22.48,297.98
2025-05-05,5650.38,22.44,306.88
2025-05-06,5606.91,22.48,315.48
2025-05-07,5631.28,22.52,310.75
2025-05-08,5663.94,22.39,304.63
2025-05-09,5659.91,22.41,306.84
2025-05-12,5844.19,22.3,298.19
2025-05-13,5886.55,22.28,299.46
2025-05-14,5892.58,22.21,293.16
2025-05-15,5916.93,22.33,297.84
2025-05-16,5958.38,22.34,294.24
2025-05-19,5963.6,22.33,298.03
2025-05-20,5940.46,22.3,303.58
2025-05-21,5844.61,22.18,305.82
2025-05-22,5842.01,22.23,303.11
2025-05-23,5802.82,22.27,309.75
2025-05-27,5921.54,22.35,304.5
2025-05-28,5888.55,22.31,303.81
2025-05-29,5912.17,22.39,305.61
2025-05-30,5911.69,22.43,303.6
2025-06-02,5935.94,22.36,311.67
2025-06-03,5970.37,22.34,308.91
2025-06-04,5970.81,22.48,310.9
2025-06-05,5939.3,22.44,309.33
2025-06-06,6000.36,22.32,305.18
2025-06-09,6005.88,22.35,306.62
2025-06-10,6038.81,22.37,306.71
2025-06-11,6022.24,22.43,308.37
2025-06-12,6045.26,22.51,312.2
2025-06-13,5976.97,22.44,316.29
2025-06-16,6033.11,22.39,311.78
2025-06-17,5982.72,22.47,311.94
2025-06-18,5980.87,22.49,310.26
2025-06-20,5967.84,22.5,310.13
2025-06-23,6025.17,22.55,311.08
2025-06-24,6092.18,22.61,306.19
2025-06-25,6092.16,22.63,307.12
2025-06-26,6141.02,22.68,306.78
2025-06-27,6173.07,22.64,301.22
2025-06-30,6204.95,22.71,304.83
2025-07-01,6198.01,22.69,307.55
2025-07-02,6227.42,22.64,309.25
2025-07-03,6279.35,22.58,307.14
2025-07-07,6229.98,22.52,307.37
2025-07-08,6225.52,22.51,304.16
2025-07-09,6263.26,22.6,305.52
2025-07-10,6280.46,22.59,306.2
2025-07-11,6259.75,22.51,309.14
2025-07-14,6268.56,22.51,308.01
2025-07-15,6243.76,22.44,306.73
2025-07-16,6263.7,22.48,308.26
2025-07-17,6297.36,22.46,307.59
2025-07-18,6296.79,22.51,308.39
2025-07-21,6305.6,22.57,313.13
2025-07-22,6309.62,22.62,316.1
2025-07-23,6358.91,22.57,312.18
2025-07-24,6363.35,22.54,310.27
2025-07-25,6388.64,22.59,307.4
2025-07-28,6389.77,22.55,305.41
2025-07-29,6370.86,22.66,306.25
2025-07-30,6362.9,22.61,300.96
2025-07-31,6339.39,22.62,302.96
2025-08-01,6238.01,22.82,309.11
2025-08-04,6329.94,22.84,310.91
2025-08-05,6299.19,22.84,311.16
2025-08-06,6345.06,22.82,310.5
2025-08-07,6340.0,22.8,313.12
2025-08-08,6389.45,22.76,313.05
2025-08-11,6373.45,22.77,308.55
2025-08-12,6445.76,22.75,308.27
2025-08-13,6466.58,22.83,309.21
2025-08-14,6468.54,22.77,307.25
2025-08-15,6449.8,22.73,307.43
2025-08-18,6449.15,22.71,306.95
2025-08-19,6411.37,22.76,305.27
2025-08-20,6395.78,22.78,308.36
2025-08-21,6370.17,22.73,307.29
2025-08-22,6466.91,22.82,310.58
2025-08-25,6439.32,22.79,309.83
2025-08-26,6465.94,22.82,312.08
2025-08-27,6481.4,22.84,312.71
2025-08-28,6501.86,22.88,315.03
2025-08-29,6460.26,22.86,318.07
2025-09-02,6415.54,22.81,325.59
2025-09-03,6448.26,22.88,328.14
2025-09-04,6502.08,22.93,326.69
2025-09-05,6481.5,23.05,331.05
2025-09-08,6495.15,23.12,334.82
2025-09-09,6512.61,23.07,334.06
2025-09-10,6532.04,23.11,335.26
2025-09-11,6587.47,23.14,334.76
2025-09-12,6584.29,23.11,335.42
2025-09-15,6615.28,23.13,338.91
2025-09-16,6606.76,23.15,339.59
2025-09-17,6600.35,23.11,336.97
2025-09-18,6631.96,23.05,335.62
2025-09-19,6664.36,23.06,339.18
2025-09-22,6693.75,23.02,345.05
2025-09-23,6656.92,23.07,346.46
2025-09-24,6637.97,23.04,343.32
2025-09-25,6604.72,23.0,344.75
2025-09-26,6643.7,23.01,346.74
2025-09-29,6661.21,23.06,352.46
2025-09-30,6688.46,23.06,355.47
2025-10-01,6711.2,23.1,356.03
2025-10-02,6715.35,23.12,354.79
2025-10-03,6715.79,23.09,357.64
