Date,Portfolio
2020-01-02,0.005829046878706926
2020-01-03,0.0038270109882507786
2020-01-06,0.004237238602626517
2020-01-07,-0.00035208477801877214
2020-01-08,-0.0013049649957385479
2020-01-09,0.0006273334703556324
2020-01-10,0.001788293447258504
2020-01-13,-0.000585570800086662
2020-01-14,-7.134256542362655e-05
2020-01-15,0.003005598953985074
2020-01-16,0.0018287979569292883
2020-01-17,0.0014650684844444981
2020-01-21,0.0006479203381667777
2020-01-22,0.0005009359299947835
2020-01-23,0.0018565412985281544
2020-01-24,-0.00019520207449826455
2020-01-27,-0.0012323682869717079
2020-01-28,-0.0004879653566889721
2020-01-29,0.0028157027854156524
2020-01-30,0.0010672379755784314
2020-01-31,-0.0025337443677934486
2020-02-03,-3.32580501328783e-05
2020-02-04,-0.0009185503435696907
2020-02-05,0.0031524814716606953
2020-02-06,0.003193422610453152
2020-02-07,9.134003034516613e-05
2020-02-10,0.004018202469045976
2020-02-11,-0.0011584682701819558
2020-02-12,0.0011646271556163823
2020-02-13,0.001642410900232131
2020-02-14,0.002295186846355879
2020-02-18,0.004018614583698972
2020-02-19,0.0035123722248426117
2020-02-20,0.0012376234901189478
2020-02-21,0.0025033850187884395
2020-02-24,-0.006180146006888061
2020-02-25,-0.015059376185988996
2020-02-26,-0.0002265762278333232
2020-02-27,-0.01324131778031353
2020-02-28,-0.01209291615834566
2020-03-02,0.01676941401773402
2020-03-03,0.004046265828624107
2020-03-04,0.013959075166723492
2020-03-05,-0.0017449340373223796
2020-03-06,-3.88806130427654e-05
2020-03-09,-0.021108641887381704
2020-03-10,0.003390591128029418
2020-03-11,-0.0191169365402258
2020-03-12,-0.04541251494503269
2020-03-13,0.018858986745043604
2020-03-16,-0.03836577738699942
2020-03-17,0.01701433159358523
2020-03-18,-0.027121391210719804
2020-03-19,-0.004310585367595839
2020-03-20,-0.001869288014690662
2020-03-23,0.008944874318112602
2020-03-24,0.04568830481478081
2020-03-25,-0.0007182267777643778
2020-03-26,0.025897455032124407
2020-03-27,-0.010252060697749161
2020-03-30,0.011020774625775887
2020-03-31,-0.015953169732370338
2020-04-01,-0.010071529445420335
2020-04-02,0.0130742764622546
2020-04-03,-0.002860295954232243
2020-04-06,0.03187250347847026
2020-04-07,-0.0033992115451500675
2020-04-08,0.007841032729356729
2020-04-09,0.0135369609260092
2020-04-13,0.0018025801051592492
2020-04-14,0.01294945003546218
2020-04-15,-0.0065991778768359115
2020-04-16,0.0028641629939233355
2020-04-17,0.0009808066696054647
2020-04-20,-0.0026402663388010636
2020-04-21,-0.011558048288627092
2020-04-22,0.01326103454415565
2020-04-23,0.003542195637331639
2020-04-24,0.002942029170532915
2020-04-27,0.0012115255259182263
2020-04-28,-0.0020169143750832603
2020-04-29,0.010436523102254625
2020-04-30,-0.009918085393005278
2020-05-01,-0.0067556711004820675
2020-05-04,0.002315191607100105
2020-05-05,0.00415728161089716
2020-05-06,-0.00796227106369914
2020-05-07,0.010579126914267803
2020-05-08,0.0025407829905004977
2020-05-11,-0.002845854956564012
2020-05-12,-0.00458703875400801
2020-05-13,-0.0019366818248882645
2020-05-14,0.007466953278254529
2020-05-15,0.0030552795782959143
2020-05-18,0.005956346445523343
2020-05-19,0.0004002827736078185
2020-05-20,0.006477167213619461
2020-05-21,-0.007179306696071067
2020-05-22,0.0032977481095617374
2020-05-26,-0.001586936833046929
2020-05-27,0.0054078809694704235
2020-05-28,0.0001432223989215794
2020-05-29,0.004870241168125844
2020-06-01,0.00224410381593713
2020-06-02,3.620206152821215e-05
2020-06-03,-0.0029570749947442905
2020-06-04,0.0011598822193373088
2020-06-05,0.000885009727961128
2020-06-08,0.007895578842753936
2020-06-09,0.0019848442451222414
2020-06-10,0.004368872785935858
2020-06-11,-0.02042139808916229
2020-06-12,0.004014045278550797
2020-06-15,0.002176303027059438
2020-06-16,0.005207254515272856
2020-06-17,-0.0004272236892520025
2020-06-18,0.0004934989920578984
2020-06-19,0.0017945246177989425
2020-06-22,0.004319096735219648
2020-06-23,0.0038356944657391328
2020-06-24,-0.008965354654676886
2020-06-25,0.0037230149630418747
2020-06-26,-0.0057762147228153085
2020-06-29,0.005210322385222899
2020-06-30,0.006077352960744631
2020-07-01,-8.98934076112301e-05
2020-07-02,0.0035862274812776818
2020-07-06,0.005808678373054729
2020-07-07,-0.0004205114537467747
2020-07-08,0.004409996174038551
2020-07-09,-0.0015681219437799765
2020-07-10,0.0020862566272702447
2020-07-13,-0.0023030634862079382
2020-07-14,0.006023291160907274
2020-07-15,0.0030521013202786658
2020-07-16,-0.0038820525118721623
2020-07-17,0.003561088173031616
2020-07-20,0.0046780449518475375
2020-07-21,0.0047110957523959955
2020-07-22,0.007117488856258181
2020-07-23,-0.0003590167564396416
2020-07-24,0.0007961518462527386
2020-07-27,0.008513729884440768
2020-07-28,0.0014277217694665207
2020-07-29,0.006780063986406329
2020-07-30,-0.0030477467028480563
2020-07-31,0.005586133529551654
2020-08-03,0.0023705354787755257
2020-08-04,0.009232521340190997
2020-08-05,0.004304310053468059
2020-08-06,0.0069684007851196945
2020-08-07,-0.0056182884489732
2020-08-10,-0.0006401849119312962
2020-08-11,-0.021893750965844446
2020-08-12,0.0024371124392941566
2020-08-13,0.00624717970795526
2020-08-14,-0.0016288172393031188
2020-08-17,0.00826975491919531
2020-08-18,0.0043109410019432914
2020-08-19,-0.012259775636453862
2020-08-20,0.004032576632726936
2020-08-21,-0.0011190507089258543
2020-08-24,0.0013271871407779152
2020-08-25,0.0009308030253675215
2020-08-26,0.007065042799100399
2020-08-27,-0.004646384345397695
2020-08-28,0.008308728223884435
2020-08-31,0.0004700955211238329
2020-09-01,0.003987361330319331
2020-09-02,0.0014189749267958796
2020-09-03,-0.01414088942255265
2020-09-04,-0.003538917751315096
2020-09-08,-0.009353735721915632
2020-09-09,0.009681170233252951
2020-09-10,-0.006395736056364342
2020-09-11,0.0004291061211090241
2020-09-14,0.006743392701923256
2020-09-15,0.0009422169422608577
2020-09-16,-0.0009991665618037287
2020-09-17,-0.004499179623096872
2020-09-18,-0.0035600656604715115
2020-09-21,-0.010012790481876421
2020-09-22,0.0018905618959300283
2020-09-23,-0.014974512459662932
2020-09-24,0.0023701199045071952
2020-09-25,0.004510275505172393
2020-09-28,0.00858908784691359
2020-09-29,0.0012065814818664755
2020-09-30,0.00021090714904496276
2020-10-01,0.0047377997072665465
2020-10-02,-0.003760786340420023
2020-10-05,0.005725067171939731
2020-10-06,-0.007899196795748057
2020-10-07,0.004835508803389269
2020-10-08,0.00439832629408358
2020-10-09,0.008713763147872903
2020-10-12,0.004786154433534436
2020-10-13,-0.006667192453847762
2020-10-14,-0.0009054550612856982
2020-10-15,0.000570890778998412
2020-10-16,-0.001380665399953555
2020-10-19,-0.005681192363311881
2020-10-20,0.0025049427050543027
2020-10-21,0.0012352353059659573
2020-10-22,-0.002615675063760592
2020-10-23,0.0014769433711159241
2020-10-26,-0.005547120927379708
2020-10-27,0.0005483429672113647
2020-10-28,-0.017143784836674225
2020-10-29,0.001651599156701248
2020-10-30,-0.0034748266672049253
2020-11-02,0.007886578507701284
2020-11-03,0.007280784809155912
2020-11-04,0.009208536321021994
2020-11-05,0.014554735122829305
2020-11-06,-0.0007052648144881823
2020-11-09,-0.01303035684859529
2020-11-10,-4.5964300631751165e-05
2020-11-11,0.0012454545783647057
2020-11-12,0.0006112984921435118
2020-11-13,0.006673866947549048
2020-11-16,0.0035914249029493917
2020-11-17,-0.0022750576531031332
2020-11-18,-0.005762070671237758
2020-11-19,0.0012330971024072657
2020-11-20,-0.00044025061303613433
2020-11-23,-0.00509262333149855
2020-11-24,-0.0005365396495594279
2020-11-25,-0.000821434901836911
2020-11-27,-0.001766663027224502
2020-11-30,-0.0036210560559625606
2020-12-01,0.009012529051354707
2020-12-02,0.0025584224869749463
2020-12-03,0.003373146215592704
2020-12-04,0.0006374812036507398
2020-12-07,0.005284027001010531
2020-12-08,0.0025010141674380497
2020-12-09,-0.008756576465036692
2020-12-10,-0.00038383186977712186
2020-12-11,0.0008787172330658362
2020-12-14,-0.0036966082776298164
2020-12-15,0.008834652320117597
2020-12-16,0.0021584442528828074
2020-12-17,0.0050173150346847955
2020-12-18,-0.0018725580174718073
2020-12-21,-0.0019507222341392791
2020-12-22,-0.002916580043955489
2020-12-23,0.0019201456571547406
2020-12-24,0.0026435905244182045
2020-12-28,0.0018340667112831666
2020-12-29,0.000471667657299335
2020-12-30,0.003135147307966231
2020-12-31,0.0018864995391954706
2021-01-04,0.004279332625199713
2021-01-05,0.0025317409603029155
2021-01-06,-0.005419819743572233
2021-01-07,0.003347866046675104
2021-01-08,-0.010122737953417041
2021-01-11,-0.0031142353476033184
2021-01-12,0.0022966068635002683
2021-01-13,0.00028772781652068135
2021-01-14,-0.00197401465195753
2021-01-15,-0.006119508093760457
2021-01-19,0.005674011575497332
2021-01-20,0.010210083750166927
2021-01-21,-0.0005156820893689185
2021-01-22,-0.003352760210778645
2021-01-25,0.002592445696602145
2021-01-26,-0.001456801989107877
2021-01-27,-0.01039705543524098
2021-01-28,0.0030149019357843163
2021-01-29,-0.007120989192024123
2021-02-01,0.008753819278698154
2021-02-02,-0.00010963179815185863
2021-02-03,-0.0009927086821156506
2021-02-04,-0.003834857444614981
2021-02-05,0.004037765242167072
2021-02-08,0.005961396658948015
2021-02-09,0.0009935383955819905
2021-02-10,0.0016576429107140558
2021-02-11,-0.0026165845932984246
2021-02-12,-0.000683796077287709
2021-02-16,-0.006497595140865823
2021-02-17,-0.003334593247605803
2021-02-18,-0.0017697543897325547
2021-02-19,-0.0004864641977770552
2021-02-22,0.0017144627443541989
2021-02-23,-0.0004879748056747883
2021-02-24,0.0029878500421377146
2021-02-25,-0.01751433265626956
2021-02-26,-0.006108770420206447
2021-03-01,0.006233924171481423
2021-03-02,-0.0005968266422464357
2021-03-03,-0.009011273703994828
2021-03-04,-0.008736309724034755
2021-03-05,0.006708249485413598
2021-03-08,-0.0062303636759742185
2021-03-09,0.01294096765893123
2021-03-10,0.0039916330004208245
2021-03-11,0.0030355438573251474
2021-03-12,-0.0019795088344675875
2021-03-15,0.004339329182268129
2021-03-16,-0.0004982943885814364
2021-03-17,0.002916115634738851
2021-03-18,-0.007992565887546783
2021-03-19,0.0016207944206098797
2021-03-22,0.002705237441720465
2021-03-23,-0.004267628385539105
2021-03-24,-0.00010240636431883355
2021-03-25,0.00025279348894487663
2021-03-26,0.005925590786226231
2021-03-29,-0.004963277308874137
2021-03-30,-0.006607877266423756
2021-03-31,0.0061215020267454765
2021-04-01,0.009145277616483833
2021-04-05,0.0038396695792868676
2021-04-06,0.003487424412260095
2021-04-07,-0.0007306493804127474
2021-04-08,0.005698903888044171
2021-04-09,-0.00036309940528485773
2021-04-12,-0.0022280689332685455
2021-04-13,0.004309623151997677
2021-04-14,-0.003234272559127856
2021-04-15,0.010782013274154659
2021-04-16,0.002374960370285284
2021-04-19,-0.0026905690070978907
2021-04-20,-0.0005179135334654195
2021-04-21,0.006264954399645546
2021-04-22,-0.004808774263699929
2021-04-23,0.002225117368675774
2021-04-26,0.0013347786331929048
2021-04-27,-0.001896127406045611
2021-04-28,0.0011231583498778988
2021-04-29,0.0004532659117600184
2021-04-30,-0.003097672823029381
2021-05-03,0.005242141371144982
2021-05-04,-0.004105336204462998
2021-05-05,0.0018967624463102073
2021-05-06,0.008422317084711231
2021-05-07,0.005316136050678451
2021-05-10,-0.003312277319608481
2021-05-11,-0.0031152036912251617
2021-05-12,-0.011731164040069537
2021-05-13,0.005710129333476624
2021-05-14,0.008860526883376277
2021-05-17,0.0027540722847226493
2021-05-18,-0.0024729752729702645
2021-05-19,-0.0010354712862085853
2021-05-20,0.005889926647242897
2021-05-21,0.00017264260555127642
2021-05-24,0.0040318200798762725
2021-05-25,0.0033028823578027016
2021-05-26,-0.00023628524677869284
2021-05-27,0.0003791115825451848
2021-05-28,0.0015130246343183125
2021-06-01,-0.0013426181804514492
2021-06-02,0.002394204218561698
2021-06-03,-0.008298705666631859
2021-06-04,0.007949189284928382
2021-06-07,0.0006490918920474635
2021-06-08,-0.00012882773138841086
2021-06-09,-0.0005459406879697223
2021-06-10,0.003681833932020373
2021-06-11,-0.0033805909668539465
2021-06-14,-0.002047385311536032
2021-06-15,-0.0022099016133583227
2021-06-16,-0.008268344556365862
2021-06-17,-0.009267805024249063
2021-06-18,-0.004823349172054144
2021-06-21,0.007634222662948183
2021-06-22,0.0005904245032686641
2021-06-23,-0.0010011012426967003
2021-06-24,0.001876415670688673
2021-06-25,0.001234784839719912
2021-06-28,0.001734127580248379
2021-06-29,-0.0032694325729007248
2021-06-30,0.0028998113831364414
2021-07-01,0.0021900400402357816
2021-07-02,0.0048259768909770795
2021-07-06,0.0032160462413377182
2021-07-07,0.0030827605386684422
2021-07-08,-0.0023782288323122383
2021-07-09,0.0034835938367547463
2021-07-12,0.0005978672555684664
2021-07-13,-0.00171057396707767
2021-07-14,0.0050877613998980085
2021-07-15,8.170211573806552e-05
2021-07-16,-0.006024263017833801
2021-07-19,-0.002819046451586889
2021-07-20,0.0043465981289639855
2021-07-21,0.0001301293292188901
2021-07-22,0.002153909067633908
2021-07-23,0.0017851279888541813
2021-07-26,-0.0004115234420877244
2021-07-27,-0.00032394967838174837
2021-07-28,0.0020342520312574366
2021-07-29,0.004690067449472091
2021-07-30,-0.0040167208136929755
2021-08-02,7.679681266833016e-05
2021-08-03,0.002636116798272581
2021-08-04,-0.0014654810263533544
2021-08-05,-2.5494360403890363e-06
2021-08-06,-0.009561838311152426
2021-08-09,-0.006640479586262348
2021-08-10,-0.00012044130678516096
2021-08-11,0.005297899408692741
2021-08-12,0.0010472870006762076
2021-08-13,0.006838810577420787
2021-08-16,0.0029511456542861874
2021-08-17,-0.0028519204639622098
2021-08-18,-0.003323291594190943
2021-08-19,0.0001318720921271721
2021-08-20,0.0027561101314505323
2021-08-23,0.006900461827452927
2021-08-24,-0.000348754095764329
2021-08-25,-0.0025394235533723326
2021-08-26,-0.00461142503592978
2021-08-27,0.01214034038577701
2021-08-30,6.647618381305765e-05
2021-08-31,-5.6428133226334555e-05
2021-09-01,0.0001235643481323212
2021-09-02,0.0003397742185943242
2021-09-03,0.002901194438902762
2021-09-07,-0.008627138691118455
2021-09-08,-0.0005812987261979801
2021-09-09,0.0009074735881137164
2021-09-10,-0.00522580544383581
2021-09-13,0.002566960444817745
2021-09-14,0.0011968291360929806
2021-09-15,0.0004570096153495573
2021-09-16,-0.00875334195812183
2021-09-17,-0.004255750591905342
2021-09-20,-0.0018939963299626772
2021-09-21,0.001676651437698536
2021-09-22,0.00234224477659987
2021-09-23,-0.002007728454421727
2021-09-24,-0.0009117099071273376
2021-09-27,-0.0007876837839823809
2021-09-28,-0.011280511521741142
2021-09-29,-0.0006988966906046703
2021-09-30,0.0024414316001020175
2021-10-01,0.005418687989999782
2021-10-04,-0.003047553959690586
2021-10-05,0.0009809166709175607
2021-10-06,0.0025381399471838444
2021-10-07,3.173239485924472e-05
2021-10-08,-0.0011957618316582226
2021-10-11,-0.0038998368171596627
2021-10-12,0.00238768471618489
2021-10-13,0.0077789097150686715
2021-10-14,0.0067824762081155985
2021-10-15,-0.003787607548493277
2021-10-18,0.00029830529421944374
2021-10-19,0.0025561097637654866
2021-10-20,0.0037216119607776195
2021-10-21,0.00013694128459599642
2021-10-22,0.002385282894071953
2021-10-25,0.004027938196936809
2021-10-26,-0.0012982707370257454
2021-10-27,0.0008729017212680453
2021-10-28,0.0022208473848957335
2021-10-29,-0.0016266512590675055
2021-11-01,0.0016419703845242939
2021-11-02,0.0013500872698074538
2021-11-03,-0.001455551113261085
2021-11-04,0.006433748034953076
2021-11-05,0.00685330075972416
2021-11-08,0.0007986609541470826
2021-11-09,0.0018682540870061566
2021-11-10,-0.0014785482048931637
2021-11-11,0.001353068069155176
2021-11-12,0.003039294637299979
2021-11-15,-0.0016385038505245901
2021-11-16,-0.0014035974611460815
2021-11-17,0.003161798763826125
2021-11-18,0.00047869677078338224
2021-11-19,-0.0023155894113314015
2021-11-22,-0.010353834652338856
2021-11-23,-0.003594919865326303
2021-11-24,0.0014320001419146542
2021-11-26,-0.004742227070246667
2021-11-29,0.003523391001551523
2021-11-30,-0.007586403912450726
2021-12-01,-0.0017761072653539323
2021-12-02,0.0023319238698274267
2021-12-03,0.0013749635448064104
2021-12-06,0.0015705823207743754
2021-12-07,0.00711411252223637
2021-12-08,-4.433305466548337e-05
2021-12-09,-0.003872042669408364
2021-12-10,0.004589676470726574
2021-12-13,-0.0009497358803169562
2021-12-14,-0.00588186550196749
2021-12-15,0.006323747584876749
2021-12-16,0.0016752220050890716
2021-12-17,-0.003447534664054859
2021-12-20,-0.005483966648566281
2021-12-21,0.004675224647580782
2021-12-22,0.006944810941214611
2021-12-23,0.004356865001389432
2021-12-27,0.0031853995323060475
2021-12-28,-0.002052365955554765
2021-12-29,-0.000608636505796752
2021-12-30,0.002235795221829632
2021-12-31,0.004613623846433453
2022-01-03,-0.00867402875614372
2022-01-04,0.002104915191404063
2022-01-05,-0.008592917317940835
2022-01-06,-0.0045438711136420356
2022-01-07,-0.0006808307661468524
2022-01-10,0.0005330509916301832
2022-01-11,0.007783213152253646
2022-01-12,0.0013959942108494974
2022-01-13,-0.005030918874165698
2022-01-14,-0.0023807738844422444
2022-01-18,-0.008949855732958959
2022-01-19,0.003206684492763956
2022-01-20,-0.004084919813464852
2022-01-21,-0.005970351377570219
2022-01-24,0.002472106301608286
2022-01-25,-0.003558513426650663
2022-01-26,-0.0075912598484237925
2022-01-27,-0.004809847025696866
2022-01-28,0.007547864322274648
2022-01-31,0.008128239975434326
2022-02-01,0.0019971783782567845
2022-02-02,0.004776315952199331
2022-02-03,-0.009598786848815913
2022-02-04,9.535973112240193e-05
2022-02-07,0.0012335985955143438
2022-02-08,0.0032456333364802026
2022-02-09,0.005972115188556189
2022-02-10,-0.010177633980747223
2022-02-11,0.002347310701758902
2022-02-14,-0.0009358890809097278
2022-02-15,0.0007880175539437171
2022-02-16,0.004737645213095831
2022-02-17,-0.0014889550932756235
2022-02-18,-0.0019120343599317393
2022-02-22,-0.002540702181957344
2022-02-23,-0.006217466148519257
2022-02-24,0.002980098576180645
2022-02-25,0.006925300531135454
2022-02-28,0.00523718643518171
2022-03-01,0.003329759343114968
2022-03-02,-0.0016592323044867987
2022-03-03,0.001384795682009036
2022-03-04,0.0046739590150611425
2022-03-07,-0.00616879407031956
2022-03-08,0.005133374805987966
2022-03-09,-0.0026324171333014226
2022-03-10,-0.00183443364772388
2022-03-11,-0.0066631504497501135
2022-03-14,-0.010399308070659289
2022-03-15,-0.0014402139027503607
2022-03-16,0.011906019113817536
2022-03-17,0.005013837741233133
2022-03-18,0.0018373537631902002
2022-03-21,-0.0009619979158790684
2022-03-22,0.00016909869105859654
2022-03-23,0.0020933788740036628
2022-03-24,0.006463629724682248
2022-03-25,-0.0023383539961401665
2022-03-28,-0.0029408834957150858
2022-03-29,0.005126894731026935
2022-03-30,0.0016199830405106603
2022-03-31,-0.005088297687622608
2022-04-01,-0.0018725159610623043
2022-04-04,0.004015998411911877
2022-04-05,-0.008943621464465293
2022-04-06,-0.002906713843651672
2022-04-07,0.002229994979315271
2022-04-08,-0.00014515010984032318
2022-04-11,-0.005026972945012716
2022-04-12,0.0021752354973576895
2022-04-13,0.0059241295388833635
2022-04-14,-0.007707542745270042
2022-04-18,0.0006607813922373529
2022-04-19,-0.0013548161894209785
2022-04-20,0.0032561381021942726
2022-04-21,-0.00731727322877688
2022-04-22,-0.012944176410372227
2022-04-25,-0.0024137219056720913
2022-04-26,-0.0072048356506323455
2022-04-27,-0.0033292805307421807
2022-04-28,0.009896757390832215
2022-04-29,-0.013498027460235134
2022-05-02,-0.006421241446457985
2022-05-03,0.002955453100333886
2022-05-04,0.01460635670471529
2022-05-05,-0.015745887874173487
2022-05-06,-0.002568860650854117
2022-05-09,-0.013654561681800568
2022-05-10,-0.0015355672230041861
2022-05-11,-0.0013866913278278714
2022-05-12,-0.004933070495465134
2022-05-13,0.0040351895892622265
2022-05-16,0.0021696867887465534
2022-05-17,0.002645053327412013
2022-05-18,-0.01144458690247722
2022-05-19,0.0037182896175004627
2022-05-20,0.0016531300853323363
2022-05-23,0.006065437397005824
2022-05-24,0.0025463452802229054
2022-05-25,0.0018968064680000563
2022-05-26,0.0054075929491155614
2022-05-27,0.007211139083698969
2022-05-31,-0.00660341571859413
2022-06-01,-0.0012853210610198618
2022-06-02,0.01039949090488479
2022-06-03,-0.009138509422195332
2022-06-06,-0.0027146554468441644
2022-06-07,0.006732322591123108
2022-06-08,-0.004825901913133997
2022-06-09,-0.008993981584581274
2022-06-10,-0.00769156244035407
2022-06-13,-0.026216745068181314
2022-06-14,-0.0056519696227269964
2022-06-15,0.012211804931443027
2022-06-16,-0.005526111672175168
2022-06-17,-0.0020073266546863184
2022-06-21,0.005512928538807359
2022-06-22,0.003863779867395907
2022-06-23,0.0025283701680793853
2022-06-24,0.008775192279975585
2022-06-27,-0.002446641678126619
2022-06-28,-0.0069531724960819235
2022-06-29,0.00136860680527943
2022-06-30,-0.0035571811497088213
2022-07-01,0.006005878387827364
2022-07-05,-0.00593242338138833
2022-07-06,-0.006826916066311916
2022-07-07,0.004253254788720073
2022-07-08,-0.0015166722834114206
2022-07-11,-0.0039309886183047284
2022-07-12,-0.0035521809195638485
2022-07-13,0.0007232823327027644
2022-07-14,-0.006599727258377947
2022-07-15,0.006344534647814666
2022-07-18,-0.003392122960230911
2022-07-19,0.00877697662576708
2022-07-20,-0.001322845220381804
2022-07-21,0.011228313479054137
2022-07-22,0.00031692901816593455
2022-07-25,-0.001535078444814449
2022-07-26,-0.004242996163213293
2022-07-27,0.012265736426287772
2022-07-28,0.009625527872180701
2022-07-29,0.005824167539263403
2022-08-01,0.0029133071125139924
2022-08-02,-0.007506523213527368
2022-08-03,0.0072399166581918655
2022-08-04,0.005859172980043607
2022-08-05,-0.0076118503736966785
2022-08-08,0.0034781928998307565
2022-08-09,-0.0010043814809578275
2022-08-10,0.0062595574302052315
2022-08-11,-0.0029418614064557294
2022-08-12,0.009605721158281028
2022-08-15,-0.0026603407354936675
2022-08-16,0.00019449877960649642
2022-08-17,-0.005941711877595142
2022-08-18,0.00019075521074340962
2022-08-19,-0.008270651672656207
2022-08-22,-0.010268273561478115
2022-08-23,0.0011218127785213397
2022-08-24,0.0010286776519146852
2022-08-25,0.00726635032534569
2022-08-26,-0.015126120575456592
2022-08-29,-0.003248353886059892
2022-08-30,-0.006301608908039472
2022-08-31,-0.006417092413210904
2022-09-01,-0.0037926300251931817
2022-09-02,0.0006039333061951995
2022-09-06,-0.005797918252255802
2022-09-07,0.011068882377836355
2022-09-08,-0.0005763410191942375
2022-09-09,0.0065392940125507115
2022-09-12,0.004435749003703804
2022-09-13,-0.019689568459597795
2022-09-14,-0.00015353826119635094
2022-09-15,-0.010627608671850641
2022-09-16,-0.0007017975697722148
2022-09-19,0.0022273299026878504
2022-09-20,-0.0070786787695947435
2022-09-21,-0.0028909846051452153
2022-09-22,-0.006314591046466774
2022-09-23,-0.01150314358623028
2022-09-26,-0.010511332683593092
2022-09-27,-0.002114877757864675
2022-09-28,0.018181079392751043
2022-09-29,-0.00790499733205341
2022-09-30,-0.006280897475807586
2022-10-03,0.019301537276185776
2022-10-04,0.015130011538089239
2022-10-05,-0.00411211975746654
2022-10-06,-0.0049111892158886965
2022-10-07,-0.01427395417538076
2022-10-10,-0.008693475814064766
2022-10-11,-0.002535499463748499
2022-10-12,0.0016561187488473759
2022-10-13,0.004574335253323032
2022-10-14,-0.013174855598542846
2022-10-17,0.009785426159887237
2022-10-18,0.005339181364521162
2022-10-19,-0.009123240979625764
2022-10-20,-0.005138489447805039
2022-10-21,0.014015196849046951
2022-10-24,0.0023865994882763903
2022-10-25,0.008978490735311576
2022-10-26,0.0008007521463251714
2022-10-27,-0.000755110427440882
2022-10-28,0.003511362935224693
2022-10-31,-0.006017081446104133
2022-11-01,0.0021968101033815746
2022-11-02,-0.011146191597032784
2022-11-03,-0.005937771017807458
2022-11-04,0.014117733795713756
2022-11-07,0.000901052728433327
2022-11-08,0.011044231289050039
2022-11-09,-0.007944138527255765
2022-11-10,0.03401315786365518
2022-11-11,0.004800441175463669
2022-11-14,-0.002892881342050975
2022-11-15,0.006010895358007139
2022-11-16,-0.0015929676249072005
2022-11-17,-0.004886290970199806
2022-11-18,-0.0016718309850181818
2022-11-21,-0.0029974040503241888
2022-11-22,0.006201172554604506
2022-11-23,0.005487019640786202
2022-11-25,3.269217580903483e-05
2022-11-28,-0.007145791077556677
2022-11-29,-0.000154866523403685
2022-11-30,0.016649939701458633
2022-12-01,0.009009135523468825
2022-12-02,-0.0009220591978948607
2022-12-05,-0.013878400114843757
2022-12-06,-0.002467478691793165
2022-12-07,0.004748507538108626
2022-12-08,0.0020079103697916434
2022-12-09,-0.0033009750254080856
2022-12-12,0.0016916348240617234
2022-12-13,0.010327985240924967
2022-12-14,-0.0023593553474453204
2022-12-15,-0.013135518009757579
2022-12-16,-0.0015892043565424543
2022-12-19,-0.005817086446757787
2022-12-20,0.004148522768295285
2022-12-21,0.0048779401281665215
2022-12-22,-0.009003418528070295
2022-12-23,0.0015350045590056445
2022-12-27,-0.00044191641954886363
2022-12-28,-0.005987063568965093
2022-12-29,0.008804014531370658
2022-12-30,-0.000560213909744737
2023-01-03,0.0032136233069611775
2023-01-04,0.007239098807653906
2023-01-05,-0.008032352936946078
2023-01-06,0.01669572305599439
2023-01-09,0.0012764401806677852
2023-01-10,0.002143644945484062
2023-01-11,0.005467981479541899
2023-01-12,0.007653801413721146
2023-01-13,0.0040914111380749105
2023-01-17,-0.0034815697317524355
2023-01-18,-0.00317976162606078
2023-01-19,0.00243403724348897
2023-01-20,0.0033364697306513067
2023-01-23,0.0036584326118789994
2023-01-24,0.002530304525484935
2023-01-25,0.0017848734749868291
2023-01-26,-0.000125412696512635
2023-01-27,-9.95803443396559e-05
2023-01-30,-0.005801814042241597
2023-01-31,0.007341894575389585
2023-02-01,0.009705148398826116
2023-02-02,-0.002017497429661656
2023-02-03,-0.014399158388777328
2023-02-06,-0.003225059446752776
2023-02-07,0.003970813109638612
2023-02-08,-0.0020846617977445803
2023-02-09,-0.006677231038260788
2023-02-10,-4.694213310663109e-05
2023-02-13,0.0029132907481871735
2023-02-14,-0.0007869551773051301
2023-02-15,-0.003344597134482911
2023-02-16,-0.005819431273145437
2023-02-17,0.0010259593833666922
2023-02-21,-0.01045973095461224
2023-02-22,-0.0016021984023301128
2023-02-23,0.0025547604634274705
2023-02-24,-0.007656769489923368
2023-02-27,0.002809838213918558
2023-02-28,0.0009846660340118163
2023-03-01,-0.001401227723845655
2023-03-02,0.0013724820150092796
2023-03-03,0.011042293195355693
2023-03-06,-0.001930443790978472
2023-03-07,-0.0110954581324267
2023-03-08,0.00015374158335682936
2023-03-09,-0.0012720716021125864
2023-03-10,0.006973533794466746
2023-03-13,0.01044026393646591
2023-03-14,0.0009212871588354747
2023-03-15,0.004188617190770608
2023-03-16,0.004206093725108939
2023-03-17,0.009306160634010092
2023-03-20,0.0018651886035454535
2023-03-21,-0.004442623754147352
2023-03-22,0.0033068923493448548
2023-03-23,0.006565695119643184
2023-03-24,-0.0015628994502707347
2023-03-27,-0.005766870231232753
2023-03-28,0.0020497462175539383
2023-03-29,0.002625969201984878
2023-03-30,0.005540762727321772
2023-03-31,0.00462802916501448
2023-04-03,0.004716708244068002
2023-04-04,0.00566826015089735
2023-04-05,-2.2479777021744472e-05
2023-04-06,-0.001184993688176779
2023-04-10,-0.004429137070148211
2023-04-11,0.0020930648868845436
2023-04-12,0.0007121848107772462
2023-04-13,0.008464634085129503
2023-04-14,-0.008287614655196302
2023-04-17,-0.0017759088519816815
2023-04-18,0.001889586502346052
2023-04-19,-0.002242231628126053
2023-04-20,0.0008847544865605204
2023-04-21,-0.0036144103957919853
2023-04-24,0.002538439313954255
2023-04-25,-0.0006373001514685301
2023-04-26,-0.004472186795277944
2023-04-27,0.00469336237149424
2023-04-28,0.004543548456071633
2023-05-01,-0.004397189676638713
2023-05-02,0.005830486817545314
2023-05-03,0.0020311184851795985
2023-05-04,-0.00021497273536334304
2023-05-05,-0.00043578620283994153
2023-05-08,-0.0011315906647287504
2023-05-09,0.0005265215890859858
2023-05-10,0.0028746460746545592
2023-05-11,-0.00234970950668049
2023-05-12,-0.0027843787262078847
2023-05-15,0.001083388376074912
2023-05-16,-0.006909917753967246
2023-05-17,0.0020362408358359785
2023-05-18,-0.0025712868164514675
2023-05-19,0.001727800832895106
2023-05-22,-0.0010412289741386451
2023-05-23,-0.0030277262994998035
2023-05-24,-0.006066244173104492
2023-05-25,-0.0013832698967399064
2023-05-26,0.005838674502549749
2023-05-30,0.004111174162467904
2023-05-31,-0.0004306087189506941
2023-06-01,0.006695645256973451
2023-06-02,-0.002089351835742252
2023-06-05,0.001338957632069334
2023-06-06,0.0014630487274277144
2023-06-07,-0.006990778021090826
2023-06-08,0.008035233753297472
2023-06-09,-0.0011366313856531196
2023-06-12,0.0031268915417597127
2023-06-13,-0.0017077142754451007
2023-06-14,0.0006147776777989389
2023-06-15,0.008286137505080374
2023-06-16,-0.0026732769517961623
2023-06-20,-0.0040896485616434
2023-06-21,-0.00207452189982682
2023-06-22,-0.0034725816189569896
2023-06-23,-0.0008506234508690218
2023-06-26,-0.00029062285379385
2023-06-27,0.0015074896679829382
2023-06-28,-0.00010539443418181949
2023-06-29,-0.001205803331154868
2023-06-30,0.006624934429156976
2023-07-03,0.000293383642081757
2023-07-05,-0.003090041585177783
2023-07-06,-0.005369530258864181
2023-07-07,0.001228110686084009
2023-07-10,0.0021740505987961622
2023-07-11,0.003813018276458413
2023-07-12,0.009196912897755741
2023-07-13,0.0052597929226705364
2023-07-14,-0.003119474052184379
2023-07-17,0.0021511179243821252
2023-07-18,0.006504174419701266
2023-07-19,0.0019348413454869373
2023-07-20,-0.0058101341001465245
2023-07-21,-0.000756720866536146
2023-07-24,-0.0007090299825447028
2023-07-25,0.002480299465978608
2023-07-26,0.0022028950530575595
2023-07-27,-0.009730717066200581
2023-07-28,0.006742601458590365
2023-07-31,0.0017027590244341377
2023-08-01,-0.005917070163449408
2023-08-02,-0.006992363650212163
2023-08-03,-0.0027042241870263157
2023-08-04,0.001830179670198162
2023-08-07,0.0016167492232352179
2023-08-08,-0.0022517547242844414
2023-08-09,-0.0037744037599365026
2023-08-10,-0.002166602332603277
2023-08-11,-0.0011501945273200511
2023-08-14,0.0004259540575978957
2023-08-15,-0.005213111168900738
2023-08-16,-0.005241674869595406
2023-08-17,-0.0030835708458213
2023-08-18,0.00032736630953400514
2023-08-21,0.0016076686089803909
2023-08-22,-5.4839594032851766e-05
2023-08-23,0.0097968369171794
2023-08-24,-0.005356510966206854
2023-08-25,0.0016487649717671358
2023-08-28,0.0035239965452242834
2023-08-29,0.009844873363492379
2023-08-30,0.0021116455844549797
2023-08-31,-0.00029436609826412796
2023-09-01,-0.0008149096379269268
2023-09-05,-0.005707437929190484
2023-09-06,-0.004154563668873235
2023-09-07,8.468905374514623e-05
2023-09-08,0.0005878805359300632
2023-09-11,0.002380631434692359
2023-09-12,-0.0032982265713346797
2023-09-13,-3.714265750576207e-05
2023-09-14,0.0023420275844312868
2023-09-15,-0.0023308357611228807
2023-09-18,0.002522719809655127
2023-09-19,-0.0019912328863515016
2023-09-20,-0.0030499893003821388
2023-09-21,-0.009966429150995399
2023-09-22,0.0014307621610322912
2023-09-25,-0.0024651959226961546
2023-09-26,-0.007736898395869662
2023-09-27,-0.004854851734785762
2023-09-28,0.0011096783537319168
2023-09-29,-0.00432828260745625
2023-10-02,-0.005253067789688999
2023-10-03,-0.0076589811789788955
2023-10-04,0.00446477358054953
2023-10-05,-0.0008827659540573776
2023-10-06,0.004191153480097501
2023-10-09,0.011335832430129736
2023-10-10,0.0008527030430557361
2023-10-11,0.00532450899901186
2023-10-12,-0.0056814001393176525
2023-10-13,0.010669935087106416
2023-10-16,0.00029088806078414464
2023-10-17,-0.0013668275275910229
2023-10-18,-0.0007884729669834778
2023-10-19,0.00011430244674167245
2023-10-20,-0.0021314050859235767
2023-10-23,-0.0003739152567544535
2023-10-24,0.0032032793349850244
2023-10-25,-0.0056611532877739075
2023-10-26,-0.00128230813538414
2023-10-27,0.002276496491680861
2023-10-30,0.0016334445061528071
2023-10-31,-0.0003144314090292033
2023-11-01,0.005236386845563526
2023-11-02,0.009018646242237619
2023-11-03,0.006122424641095803
2023-11-06,-0.0031388057183258473
2023-11-07,0.0008557601326866968
2023-11-08,-0.0018625429095156707
2023-11-09,-0.0037696738264718275
2023-11-10,0.0018915907379603025
2023-11-13,0.001578326211898832
2023-11-14,0.012555093883372651
2023-11-15,-0.0019426050791916025
2023-11-16,0.005602499070304967
2023-11-17,0.0007105103538268542
2023-11-20,0.0023976793519721777
2023-11-21,0.003244306482770705
2023-11-22,-6.703873378695801e-05
2023-11-24,0.00065935160323131
2023-11-27,0.0035120748108664244
2023-11-28,0.005723966414887741
2023-11-29,0.0019204491142695104
2023-11-30,-0.0015463905955956925
2023-12-01,0.01040580756222827
2023-12-04,-0.009949378240565371
2023-12-05,0.0004400110996092277
2023-12-06,0.001022893508412744
2023-12-07,0.003050121571238592
2023-12-08,-0.00464294084217102
2023-12-11,-0.0023727820421025987
2023-12-12,0.00150839959715617
2023-12-13,0.016147609713677458
2023-12-14,0.005314872287576655
2023-12-15,-0.003234689091198987
2023-12-18,0.002255478897097059
2023-12-19,0.004689315633337039
2023-12-20,-0.005786296706763708
2023-12-21,0.005790731963750165
2023-12-22,0.0017244014864458885
2023-12-26,0.00425816602837048
2023-12-27,0.0038319052777136724
2023-12-28,-0.0025785727967649512
2023-12-29,-0.0019235688487727238
2024-01-02,-0.0037442985759954155
2024-01-03,-0.004836040448531698
2024-01-04,-0.002496087653138098
2024-01-05,-0.0002641189169132844
2024-01-08,0.0030275603235674353
2024-01-09,-0.0006946733898756478
2024-01-10,0.0008171633493811634
2024-01-11,0.001824910437934498
2024-01-12,0.004130578959918345
2024-01-16,-0.006557032978472099
2024-01-17,-0.006317304799196047
2024-01-18,0.004904551095438303
2024-01-19,0.005100738987191618
2024-01-22,0.0002487382304161938
2024-01-23,0.0016536487872559715
2024-01-24,-0.0032545721476069005
2024-01-25,0.00432169248384473
2024-01-26,-0.0007588989654519669
2024-01-29,0.006268391140420807
2024-01-30,0.0005690370827006556
2024-01-31,-0.0037633014102635975
2024-02-01,0.009473907799052364
2024-02-02,-0.002643509073275855
2024-02-05,-0.005519951645150473
2024-02-06,0.004064991670721607
2024-02-07,0.002040324314181256
2024-02-08,-0.0008849043737743089
2024-02-09,0.000466819779468719
2024-02-12,-0.0010316355878848087
2024-02-13,-0.011948914192435451
2024-02-14,0.003933946392297419
2024-02-15,0.0049623270687357834
2024-02-16,-0.0014706192400710063
2024-02-20,0.000488447808822845
2024-02-21,-0.00034109669650935387
2024-02-22,0.00718319983081354
2024-02-23,0.003251191530324752
2024-02-26,-0.0024719903648298494
2024-02-27,-0.0004096952861829169
2024-02-28,0.0009882317335487092
2024-02-29,0.0042393129260987665
2024-03-01,0.010217227733829048
2024-03-04,0.004374045648724345
2024-03-05,0.00016157289863246338
2024-03-06,0.005070328072005248
2024-03-07,0.005792057742047977
2024-03-08,0.0006413339273677971
2024-03-11,-7.046936800721626e-05
2024-03-12,-0.0011463663306767362
2024-03-13,0.0012300209316419286
2024-03-14,-0.004053378264057198
2024-03-15,-0.0036930566189265672
2024-03-18,0.00232815865895201
2024-03-19,0.0021242962271782457
2024-03-20,0.007717852813330964
2024-03-21,0.000732640206667375
2024-03-22,-0.0018973040832565755
2024-03-25,-0.0005730820179698688
2024-03-26,0.0006102727971890227
2024-03-27,0.006065241239968729
2024-03-28,0.005136008840068262
2024-04-01,-0.0002019634914768309
2024-04-02,0.0020438211610938057
2024-04-03,0.0034437933671947656
2024-04-04,-0.004931632045865442
2024-04-05,0.007695077535513572
2024-04-08,0.0014826681353855933
2024-04-09,0.003409125293520147
2024-04-10,-0.009892853999647972
2024-04-11,0.008801745247642248
2024-04-12,-0.008317264774734451
2024-04-15,0.0005030655482469362
2024-04-16,-0.0010684561516487814
2024-04-17,-0.002957076139708488
2024-04-18,-0.00022859273470654529
2024-04-19,-0.0015595601010152116
2024-04-22,-0.005323768207813144
2024-04-23,0.003484485041283958
2024-04-24,-0.00133780941182667
2024-04-25,-0.0003282935783413725
2024-04-26,0.005117706965678703
2024-04-29,0.0011734306067741063
2024-04-30,-0.01267834362303873
2024-05-01,0.0026665751459798623
2024-05-02,0.003118559334104135
2024-05-03,0.0054927809955652345
2024-05-06,0.006948164369758499
2024-05-07,-0.0003028046303622154
2024-05-08,-0.0016070787740983803
2024-05-09,0.007582494244239216
2024-05-10,0.0024729435478881103
2024-05-13,-0.00334473052089268
2024-05-14,0.005215005545676628
2024-05-15,0.010056688437498702
2024-05-16,-0.002457014421364108
2024-05-17,0.005266201896246824
2024-05-20,0.0011799401478570504
2024-05-21,0.000967438322242405
2024-05-22,-0.00718222542047009
2024-05-23,-0.010042165832097272
2024-05-24,0.0029548097605287533
2024-05-28,0.002184148797240456
2024-05-29,-0.006809508825464457
2024-05-30,-0.00010214870362249928
2024-05-31,0.0018172303464206725
2024-06-03,0.005217274428241048
2024-06-04,-0.0012499529982413031
2024-06-05,0.008980001007915961
2024-06-06,0.0023971915508198545
2024-06-07,-0.015040135850653
2024-06-10,0.0034501772908579844
2024-06-11,0.0029450009764355003
2024-06-12,0.005117786643743441
2024-06-13,-0.0002360879367498958
2024-06-14,0.004956981997116213
2024-06-17,-0.00040237310235302637
2024-06-18,0.003407358735679618
2024-06-20,0.0027061511661835196
2024-06-21,-0.005685127324170776
2024-06-24,0.00045106515939027003
2024-06-25,-3.577395286576612e-05
2024-06-26,-0.004085902480841175
2024-06-27,0.004697824616098911
2024-06-28,-0.0028684249392891825
2024-07-01,-9.438778516886659e-05
2024-07-02,0.0028266485452745527
2024-07-03,0.007312918965695525
2024-07-05,0.007853661134527457
2024-07-08,-0.00394861752891007
2024-07-09,0.0006587484974814133
2024-07-10,0.004776395113374428
2024-07-11,0.004679062495651161
2024-07-12,0.0023937975557298077
2024-07-15,0.0011032684283280116
2024-07-16,0.010147254412864532
2024-07-17,-0.0061902432218565355
2024-07-18,-0.0056457660672596015
2024-07-19,-0.00896987030517197
2024-07-22,0.003396758449117613
2024-07-23,0.0008059006147828433
2024-07-24,-0.009496364629128432
2024-07-25,-0.006316108608127109
2024-07-26,0.00843213724304226
2024-07-29,0.0002599985607646034
2024-07-30,0.002131728215375476
2024-07-31,0.013125370493835812
2024-08-01,-0.004351628543895222
2024-08-02,-0.0022454325384071803
2024-08-05,-0.01407170058763459
2024-08-06,-0.0018881313376766613
2024-08-07,-0.003403494161883458
2024-08-08,0.012160480023426252
2024-08-09,0.003127063071244625
2024-08-12,0.0064789629377074815
2024-08-13,0.006301968312916628
2024-08-14,-0.00099676627564238
2024-08-15,0.004637493601952239
2024-08-16,0.008874240629670682
2024-08-19,0.0029934468155272307
2024-08-20,0.001755468911290192
2024-08-21,0.001563412987943343
2024-08-22,-0.008304984193946947
2024-08-23,0.008871007908877107
2024-08-26,-0.00013659240763800695
2024-08-27,0.0012854069417947607
2024-08-28,-0.004482911781095685
2024-08-29,0.0012668539622087507
2024-08-30,9.576724212493736e-05
2024-09-03,-0.00684953017660624
2024-09-04,0.001599558489475424
2024-09-05,0.0022144562621201343
2024-09-06,-0.0077784664944886926
2024-09-09,0.0057038788474885
2024-09-10,0.004282844900210359
2024-09-11,0.0027317843397851593
2024-09-12,0.007767603705389314
2024-09-13,0.005851667497165147
2024-09-16,0.0012704630801192438
2024-09-17,-0.002340252749612507
2024-09-18,-0.0048537212708747255
2024-09-19,0.010692138725245843
2024-09-20,0.0034427828820291864
2024-09-23,0.0014360777731340737
2024-09-24,0.005787840735856919
2024-09-25,-0.002110680652578615
2024-09-26,0.003041832697451359
2024-09-27,-0.002177668584451638
2024-09-30,-0.0021372704341095687
2024-10-01,0.0012743895919690535
2024-10-02,-0.0006218488953973292
2024-10-03,-0.002118570212150894
2024-10-04,-4.456338095533852e-05
2024-10-07,-0.005368596134341375
2024-10-08,0.0012213145912494485
2024-10-09,-0.0004901467906487007
2024-10-10,0.0016077174151706284
2024-10-11,0.005805042378977424
2024-10-14,0.0017262684176947058
2024-10-15,0.00011981234413915853
2024-10-16,0.003525584137536786
2024-10-17,0.0004469433370961986
2024-10-18,0.005163023760746362
2024-10-21,-0.0026206134901092986
2024-10-22,0.003286863941590168
2024-10-23,-0.007683386794464416
2024-10-24,0.0038835346200786582
2024-10-25,-1.6949034742289927e-05
2024-10-28,0.0005950463432364088
2024-10-29,0.004320777791832005
2024-10-30,0.0004331451578366934
2024-10-31,-0.011369964428721253
2024-11-01,-0.001363818925399311
2024-11-04,0.001055846267960958
2024-11-05,0.005142257599291432
2024-11-06,-0.004565311106341212
2024-11-07,0.009663230400387041
2024-11-08,-0.0002469798012276758
2024-11-11,-0.008105236876636519
2024-11-12,-0.00565788134736156
2024-11-13,-0.0034351891988575467
2024-11-14,-0.002734003259337295
2024-11-15,-0.0048396595437209715
2024-11-18,0.007950295220634803
2024-11-19,0.004915634438157124
2024-11-20,0.0014295126788337331
2024-11-21,0.004256111059330214
2024-11-22,0.005605474494083291
2024-11-25,-0.005772830735292371
2024-11-26,0.0021015744157647878
2024-11-27,0.0003787717878836656
2024-11-29,0.005797091083716769
2024-12-02,-0.0018020966068941955
2024-12-03,7.23592085065301e-05
2024-12-04,0.004079390015426861
2024-12-05,-0.003089144701990139
2024-12-06,0.0017037282733728767
2024-12-09,0.0003624459178203825
2024-12-10,0.0028011639096138983
2024-12-11,0.005149789100911684
2024-12-12,-0.007895401152974157
2024-12-13,-0.005095617211364274
2024-12-16,0.0022228701363466996
2024-12-17,-0.0024162160042530134
2024-12-18,-0.01819210207135169
2024-12-19,-0.0007275087978332687
2024-12-20,0.007711280320505201
2024-12-23,-5.4151979968312556e-05
2024-12-24,0.004497613348038998
2024-12-26,0.002420428057120727
2024-12-27,-0.006737822455052796
2024-12-30,-0.0032550636389350185
2024-12-31,0.008107758498149672
2025-01-02,-0.0036558430458470594
2025-01-03,0.001120465948693194
2025-01-06,0.001282853721735866
2025-01-07,-0.003043922743120375
2025-01-08,0.002751345303608247
2025-01-10,-0.0034801737212516812
2025-01-13,-0.0029455555058834535
2025-01-14,0.001978232859061365
2025-01-15,0.010906860302895893
2025-01-16,0.0023629167090409853
2025-01-17,0.0015612478345314504
2025-01-21,0.008998553828821901
2025-01-22,0.003150169366326431
2025-01-23,0.0005384931623457029
2025-01-24,0.0018839703797871585
2025-01-27,-0.006654220651539644
2025-01-28,0.005958089845315613
2025-01-29,-0.003294105518317843
2025-01-30,0.007413609330242894
2025-01-31,-0.0013262357376205105
2025-02-03,-0.000605601983664106
2025-02-04,0.006296884716571194
2025-02-05,0.004884442627545245
2025-02-06,0.00018088236532776136
2025-02-07,-0.0036141267861652024
2025-02-10,0.007883608048028012
2025-02-11,-0.0017081722808481485
2025-02-12,-0.002223311213630952
2025-02-13,0.008587900155098286
2025-02-14,-0.0039225745578278515
2025-02-18,0.004978430579107814
2025-02-19,0.001431171622926867
2025-02-20,-0.0008189228647957905
2025-02-21,-0.004485887389451771
2025-02-24,0.0007546213443279102
2025-02-25,-0.004005831029627593
2025-02-26,0.0012998235381671552
2025-02-27,-0.010665769223456262
2025-02-28,0.004536585276659233
2025-03-03,-0.0007304004169680729
2025-03-04,-0.0020671546246184467
2025-03-05,0.0032262378119602975
2025-03-06,-0.007633418518978585
2025-03-07,0.0015673352758526584
2025-03-10,-0.010269094400244334
2025-03-11,0.000644518743875647
2025-03-12,0.0021854513324102522
2025-03-13,0.0023323482888772213
2025-03-14,0.006329837441852374
2025-03-17,0.0042413370696106805
2025-03-18,0.0007863300794664165
2025-03-19,0.00556372128778045
2025-03-20,-0.0008582264168724614
2025-03-21,-0.0027050916073677227
2025-03-24,0.0030615164737199567
2025-03-25,0.002289711643001994
2025-03-26,-0.004590079100499245
2025-03-27,0.0032170361045972635
2025-03-28,-0.0021677666142696133
2025-03-31,0.007524357359311043
2025-04-01,0.0013411092917872125
2025-04-02,0.0026312225007140513
2025-04-03,-0.01563170338023756
2025-04-04,-0.026980377802573525
2025-04-07,-0.011159688121902933
2025-04-08,-0.004749313812680326
2025-04-09,0.04360315716171351
2025-04-10,-0.0053265982233890626
2025-04-11,0.01164554735867292
2025-04-14,0.0023941428443292607
2025-04-15,0.0017645366600341401
2025-04-16,0.004419124323437495
2025-04-17,-0.0017630077523613785
2025-04-21,0.0011179379840835137
2025-04-22,0.003939103823212238
2025-04-23,-0.0019917519744420504
2025-04-24,0.012945588117880972
2025-04-25,-0.00041445283432154766
2025-04-28,0.0059970545786743506
2025-04-29,-0.0002792604307048827
2025-04-30,-0.001706528536032999
2025-05-01,-0.006294125909233764
2025-05-02,0.004015349688545814
2025-05-05,0.00723560876603239
2025-05-06,0.007371075541729111
2025-05-07,-0.002955748176455608
2025-05-08,-0.006555729140840312
2025-05-09,0.002478813169001078
2025-05-12,-0.00018009643422341702
2025-05-13,0.0035367975987083593
2025-05-14,-0.007718443429611254
2025-05-15,0.008499755301755913
2025-05-16,-0.0015446255135898404
2025-05-19,0.004436363711238381
2025-05-20,0.004466198552760573
2025-05-21,-0.004712554947660948
2025-05-22,-0.002350664310720063
2025-05-23,0.005665767097912962
2025-05-27,0.0023673807548070247
2025-05-28,-0.003208968299473739
2025-05-29,0.004507255259929233
2025-05-30,-0.001623895514250684
2025-06-02,0.009187416408189392
2025-06-03,-0.001316571286778238
2025-06-04,0.004260829690419632
2025-06-05,-0.004035518539941033
2025-06-06,-0.0028276712073853627
2025-06-09,0.0023275191986344237
2025-06-10,0.002223779182011073
2025-06-11,0.00178350807396895
2025-06-12,0.006603098126010787
2025-06-13,-0.0004352020687931422
2025-06-16,-0.0023648369955176305
2025-06-17,-0.0014220122765371546
2025-06-18,-0.001601599776158961
2025-06-20,-0.0007176580546203182
2025-06-23,0.004963981520306933
2025-06-24,-0.0006456657703112576
2025-06-25,0.00130620373917704
2025-06-26,0.0030408470888021824
2025-06-27,-0.004889467534597625
2025-06-30,0.00674694531013742
2025-07-01,0.0023079583613104062
2025-07-02,0.0026896713233295713
2025-07-03,-0.0003780695248840247
2025-07-07,-0.0032568844471420424
2025-07-08,-0.00386779412846124
2025-07-09,0.004843899365635747
2025-07-10,0.0015098031264364487
2025-07-11,0.0009208828151413919
2025-07-14,-0.0007492991186492936
2025-07-15,-0.0037405632516828158
2025-07-16,0.0033214066522232835
2025-07-17,0.0007702169862868388
2025-07-18,0.0015788435142244372
2025-07-21,0.006478251927729698
2025-07-22,0.004112579038403711
2025-07-23,-0.002266563739784214
2025-07-24,-0.0022497434269104963
2025-07-25,-0.0010191359133615205
2025-07-28,-0.0026891561698488826
2025-07-29,0.0015563439786757671
2025-07-30,-0.006909813190589956
2025-07-31,0.0011309424797355896
2025-08-01,0.004383122521667134
2025-08-04,0.007145555177619833
2025-08-05,-0.0013512582450761665
2025-08-06,0.0014283788749196447
2025-08-07,0.0022547027476686647
2025-08-08,0.0019405807045663375
2025-08-11,-0.0054798203714443066
2025-08-12,0.0031865614940067935
2025-08-13,0.003265262928723311
2025-08-14,-0.00288791941384107
2025-08-15,-0.0013559847141491426
2025-08-18,-0.0008473345886950885
2025-08-19,-0.0030432223922552586
2025-08-20,0.0028564346530834213
2025-08-21,-0.0032230269166055128
2025-08-22,0.009950810500730434
2025-08-25,-0.0026652691163451996
2025-08-26,0.004237463545354443
2025-08-27,0.001762042555853623
2025-08-28,0.004109017768751795
2025-08-29,0.000792526533899311
2025-09-02,0.0048443485963255055
2025-09-03,0.005333627203728837
2025-09-04,0.002037635571427147
2025-09-05,0.005138054428711884
2025-09-08,0.005510292730807054
2025-09-09,-0.0005814488274864525
2025-09-10,0.002769821816942815
2025-09-11,0.002764207679031405
2025-09-12,6.41235723300253e-05
2025-09-15,0.005325649860481008
2025-09-16,0.0005277276498970953
2025-09-17,-0.0034710887043272183
2025-09-18,-0.0006044766862141061
2025-09-19,0.005308835806249856
2025-09-22,0.006660621815718359
2025-09-23,0.00025208036534170764
2025-09-24,-0.004403382414477611
2025-09-25,-0.0008599874389770834
2025-09-26,0.004036307090744909
2025-09-29,0.007101686066622055
2025-09-30,0.004210274842296894
2025-10-01,0.002236623408757854
2025-10-02,-0.0006662274698935321
2025-10-03,0.002266954852379488
